company name,mobile no,website link,state and city,email
['IKEA'],[],['https://www.houzz.in/trk/aHR0cDovL3d3dy5JS0VBLVVTQS5jb20/cea329c3748cd15db75157512a0068cc/ue/NTY0OTQ0/04246beb45d93f7138155ff94785e7dc'],['United States'],[]
['Z Gallerie'],['tel:+1 800-908-6748'],['https://www.houzz.in/trk/aHR0cDovL3d3dy56Z2FsbGVyaWUuY29t/98145bd39dfd702af2773ef7b49c1512/ue/NDc1Njc0/abec2908c6b1a51c303ccf83f910720d'],"['Gardena, California, United States']",[]
['Creative Design Guild'],['tel:+1 248-435-9705'],['https://www.houzz.in/trk/aHR0cDovL2NyZWF0aXZlZGVzaWduZ3VpbGQuY29t/4588cd74a9f6c5d93ef8ce88ff449ee6/ue/MTU1NjY0Nw/306c0e1e9cc2f0aeb3f4e6bbcbafe158'],"['Clawson, Michigan, United States']",[]
['Kravet'],['tel:+1 516-293-2000'],['https://www.houzz.in/trk/aHR0cDovL3d3dy5jdXJhdGVka3JhdmV0LmNvbS8/96feeaa8f65b6918fc564bf053300905/ue/NTYyNjcz/ca431401968ff630b1e494ccb785355c'],"['Bethpage, New York, United States']",[]
"[""Twin's Chic""]",['tel:+1 978-578-1583'],['https://www.houzz.in/trk/aHR0cHM6Ly91cGhvbHN0ZXJ5YW50aXF1ZXBhaW50ZWRmdXJuaXR1cmUubmV0/ab4b98f4e5d1efb07e55f670ac0ad81a/ue/Nzc0MzcyMg/5d817b9e09188d61cdc3efcc5d820b82'],"['Ipswich, Massachusetts, United States']",[]
"['Lange Custom Woodworking, Inc.']",['tel:+1 262-249-0576'],['https://www.houzz.in/trk/aHR0cDovL3d3dy5sYW5nZWN1c3RvbXdvb2R3b3JraW5nLmNvbQ/a3dce3ab9496914506a4992d75fa91a5/ue/NjAzNjYxNQ/83015f1b2bdd9a3e268dd88e3a63fb91'],"['Lake Geneva, Wisconsin, United States']",[]
['Design Within Reach'],['tel:+1 800-944-2233'],['https://www.houzz.in/trk/aHR0cDovL3d3dy5kd3IuY29t/ffa3e66ba34d5c5de942b53f6920b1ab/ue/NTYwMzQ3/aae15a2c8dccf650809cdbb164cb791a'],"['Stamford, Connecticut, United States']",[]
['West Elm'],[],['https://www.houzz.in/trk/aHR0cDovL3d3dy53ZXN0ZWxtLmNvbQ/3860e42e0db1fc69f35b1c68f0473d5c/ue/NTYwOTUz/733be9d1388f08c814e0483b1eea1a97'],"['Brooklyn, New York, United States']",[]
['ADA Antiques Design & Associates'],['tel:+1 862-205-7266'],['https://www.houzz.in/trk/aHR0cDovL3d3dy5yZXN0b3JhdGlvbmFkYS5jb20/f998a01fba95db7658500dd866f07e24/ue/NjIzMTQxMQ/5e7242067b0fc05e7bc0799fbafb237c'],"['Union City, New Jersey, United States']",[]
['Creations in Fabric & Design'],['tel:+1 973-635-5228'],['https://www.houzz.in/trk/aHR0cDovL3d3dy5jcmVhdGlvbnNpbmZhYnJpYy5jb20/849d56ae308465c21c852b210dd6904f/ue/MTI5ODQ2/878536a8cadf48bf3b9ec5ecf3827d58'],"['Chatham, New Jersey, United States']",[]
['Carlo Home Decor'],['tel:+1 949-837-5114'],['https://www.houzz.in/trk/aHR0cDovL3d3dy5jYXJsb2hvbWVkZWNvci5jb20/eeea72542b3116b09142bcb6cd84cf89/ue/NTM1NDcy/67134339e3775e142f6683c8ef0adb82'],"['Mission Viejo, California, United States']",[]
['MONTAGE Modern Home'],['tel:+1 203-349-5859'],['https://www.houzz.in/trk/aHR0cDovL21vbnRhZ2Vtb2Rlcm4uY29t/a71e13f264682cba8444050d55d524f5/ue/NzE5ODIxMg/be47e506606bd2b8bc3ced6f64586a24'],"['Westport, Connecticut, United States']",[]
['She Paints Philly'],['tel:+1 484-686-5456'],['https://www.houzz.in/trk/aHR0cDovL3d3dy5zaGVwYWludHNwaGlsbHkuY29t/870053ff1f099e23e6ce2517224cd711/ue/OTI1NDI4OQ/30bb72270343cd2cacc4ac257c130a16'],"['Philadelphia, Pennsylvania, United States']",[]
['TwentyOne7'],['tel:+1 919-309-2566'],['https://www.houzz.in/trk/aHR0cHM6Ly93d3cudHdlbnR5b25lNy5jb20v/e33e09600eecc0ee4d195c6a20fa9a6a/ue/MzYwMjUw/670aa9945912cca4ce76e3101ee1af55'],"['Durham, North Carolina, United States']",[]
['Crate&Barrel'],['tel:+1 800-967-6696'],['https://www.houzz.in/trk/aHR0cHM6Ly93d3cuY3JhdGVhbmRiYXJyZWwuY29t/039c4d6ff52140cef9114ce2f04eccf0/ue/NTYwODQ3/103bf91fcc4c122cf6b9bee0f97b39ff'],"['Northbrook, Illinois, United States']",[]
['OUTDOORFABRICS'],['tel:+1 305-470-8912'],['https://www.houzz.in/trk/aHR0cDovL1dXVy5PVVRET09SRkFCUklDUy5DT00/f064eb814dc88c368a6645d1ee0f640a/ue/MTg5OTMyNw/7f93f2d11a1ac68687f2b1ee82279b78'],"['MIAMI, Florida, United States']",[]
['Comfort Works Custom Slipcovers'],['tel:+61 3 9015 9789'],['https://www.houzz.in/trk/aHR0cHM6Ly9jb21mb3J0LXdvcmtzLmNvbS8/1d473b1427479d73c8483f1b4d391b88/ue/NzE3MTU3/c0e743d28b2a30a9953032dd78ea6423'],"['South Melbourne, Victoria']",[]
['Desert Design Group'],['tel:+1 602-423-0586'],['https://www.houzz.in/trk/aHR0cDovL2Rlc2VydGRlc2lnbmdyb3VwLmNvbQ/7ef71623971a74d5f75ceeec00e4b85d/ue/MTQ4MzM4MQ/ae8efd1d5805f836d5c9d8b264f8d495'],"['Scottsdale, Arizona, United States']",[]
['Chic to Chic'],['tel:+1 361-883-2442'],['https://www.houzz.in/trk/aHR0cDovL3d3dy5jaGljdG9jaGljZnVybml0dXJlLmNvbQ/7f1b726b24d8b0dd7ab1589013b405ae/ue/MTYzMzE2Mg/65f74d04f5051d2f9f18f59002f614ac'],"['Corpus Christi, Texas, United States']",[]
['Maxwell Fabrics'],['tel:+1 800-663-1159'],['https://www.houzz.in/trk/aHR0cDovL3d3dy5tYXh3ZWxsZmFicmljcy5jb20/c19dda97b6e9ce4c49675beb0b589a3d/ue/MTU3OTUwNA/883bfa8dddae507a597532c5aae8517e'],"['Vancouver, British Columbia, Canada']",[]
['Alana Alegra Interiors'],['tel:+1 818-426-3161'],['https://www.houzz.in/trk/aHR0cDovL3d3dy5hbGFuYWFsZWdyYWludGVyaW9ycy5jb20/7b00dd655b0a76001b6d8914d5e7e73b/ue/MTUwODgzOA/abc5545eb3a2a516730fbb0ae7f47abb'],"['Woodland Hills, California, United States']",[]
['Ambient Lounge UK'],['tel:+44 844 529 1112'],['https://www.houzz.in/trk/aHR0cDovL3d3dy5hbWJpZW50bG91bmdlLmNvLnVr/ba5d5ab0f4f53939e385418bab3b74a8/ue/MTA0MTg/056a6d41605b579f372c7433d0cf3820'],"['Nottingham, Nottinghamshire']",[]
['Impact Imports'],['tel:+1 208-368-0300'],['https://www.houzz.in/trk/aHR0cDovL3d3dy5pbXBhY3RpbXBvcnRzdXNhLmNvbQ/95720034bc2f47357a042f1d946fa304/ue/NDUzMQ/b3acb3da7125077e0a627ff85dd76b3d'],"['Boise, Idaho, United States']",[]
['Dom Decor Studio - Custom Curtains & Draperies'],['tel:+1 818-934-1318'],['https://www.houzz.in/trk/aHR0cDovL3d3dy5Eb21EZWNvclN0dWRpby5jb20/dbfff32220f5be512f8b54eb8ac0486b/ue/OTg1ODY1/6ce6f4718121b5710b2e6b8a36b34645'],"['Tarzana, California, United States']",[]
['Expressions Upholstery'],['tel:+1 775-857-8427'],['https://www.houzz.in/trk/aHR0cDovL3d3dy5leHByZXNzaW9uc3VwaG9sc3RlcnlieWtlbi5jb20/b6902bed1c6b781b73d5c29cb88b970a/ue/MjA0MjU1Ng/66860ca092ec25a33aef834590bade25'],"['Salt Lake City, Utah, United States']",[]
['Designer Furniture Services'],['tel:+1 248-332-7260'],['https://www.houzz.in/trk/aHR0cDovL2Rlc2lnbmVyZnVybml0dXJlc2VydmljZXMuY29t/8edacfc935e1f925bc37ba36894c7b58/ue/MTI4OTI2Nw/15f8e02cd4e27768a2e03e1c463843a9'],"['Pontiac, Michigan, United States']",[]
"[""Rocky's Restoration""]",['tel:+1 732-987-4238'],['https://www.houzz.in/trk/aHR0cDovL3d3dy5yb2NreXNyZXN0b3JhdGlvbi5jb20/fc71fd97347afbec189698aeb8f14c2d/ue/MTUyOTkxMDE/6e36894d044a3d57f1b80fa2a4a765e9'],"['LAKEWOOD, New Jersey, United States']",[]
['AMP Upholstery Inc.'],['tel:+1 416-888-1511'],['https://www.houzz.in/trk/aHR0cDovL3d3dy5hbXAtdXBob2xzdGVyeS5jYQ/1a37e704147b75e4f432becc062f0ba9/ue/NzYxNzEx/ba37c12c216bdde9dacb6370d734382e'],"['Whitby, Ontario, Canada']",[]
['Rocky Mountain Furniture Restoration and Design'],['tel:+1 406-586-6414'],['https://www.houzz.in/trk/aHR0cDovL3d3dy5ybWZyaW5jLmNvbQ/23ea7b30daf2bc3c15cd15f97f07eb31/ue/MTEwNTE2NTU/3f9b1c3fcfc43098de405ae587ca490e'],"['Bozeman, Montana, United States']",[]
['Eron Johnson Antiques'],['tel:+1 303-777-8700'],['https://www.houzz.in/trk/aHR0cDovL3d3dy5lcm9uam9obnNvbmFudGlxdWVzLmNvbQ/981b0e6096b21c04bd79e3af3fdf1748/ue/NzI0Ng/80ba49e5b9ff3b997c12691afdc17b39'],"['Denver, Colorado, United States']",[]
['Zoom-Room Murphy Beds'],['tel:+1 305-677-9148'],['https://www.houzz.in/trk/aHR0cDovL3d3dy5ab29tLVJvb20uY29t/acd103cc122d79108e16b22bc16f7a86/ue/MTE0MzQ/83fa7f4fafe29c9f101c65f5c76a68c2'],"['Miami, Florida, United States']",[]
['Maximum Furniture DBA Houston Upholstery'],['tel:+1 713-957-0003'],['https://www.houzz.in/trk/aHR0cDovL3d3dy5ob3VzdG9udXBob2xzdGVyeS5jb20/6f2160867be65925ca13c24b4584559b/ue/MzM0MjU4Mg/9f5c16054c48c0564049a5ff858719e0'],"['Houston, Texas, United States']",[]
['Decor Interiors'],['tel:+1 888-281-8941'],['https://www.houzz.in/trk/aHR0cHM6Ly9kZWNvcmludGVyaW9yc3VzLmNvbS8/e7d6beafcd10db207961fb33fd8a100d/ue/MzAwOTg/1b4166fb241c353abe679ebbe17b75dd'],"['North Hollywood, California, United States']",[]
['Industrial Chic Loft'],['tel:+1 706-614-6609'],['https://www.houzz.in/trk/aHR0cDovL3d3dy5pbmR1c3RyaWFsLWNoaWMuY29tLw/4b9387a23d834d64fe6449819d42002d/ue/MTcxNjI/296d934848005aa7faa0d9533d21cfc8'],"['atlanta, Georgia, United States']",[]
['Decor Studio'],['tel:+1 905-232-3330'],['https://www.houzz.in/trk/aHR0cDovL3d3dy5kZWNvcnN0dWRpby5jYQ/aa4b91188cb9afe4d385b2b98a66241c/ue/MzU3ODAyOQ/2920e1671de3776a4d88ede3c37debdd'],"['Mississauga, Canada']",[]
['Ferrufino Interiors'],['tel:+1 310-827-4446'],['https://www.houzz.in/trk/aHR0cDovL3d3dy5mZXJydWZpbm8uY29t/31abac90720d9c7a26876c29e8c27c1b/ue/Mjk3ODgxMA/d8c0d3fcd20d1816b3d7310e3363ecdd'],"['Culver City, California, United States']",[]
['Artisan Upholstery Studio'],[],['https://www.houzz.in/trk/aHR0cDovL3d3dy5hcnRpc2FudXBob2xzdGVyeS5jYQ/4d140646e34562a594df562968059d87/ue/NDkzNjQ/e5b98edcf15a07e3bf2214efe97b4711'],"['Halifax, Nova Scotia, Canada']",[]
['Acanthus'],['tel:+1 503-548-4505'],['https://www.houzz.in/trk/aHR0cDovL3d3dy5hY2FudGh1c2dyZWVuLmNvbQ/f0615188d021a8f6e87dd741976e1817/ue/Mzc1NzI0Mg/d107f9a24967456c1aa68f47957280e0'],"['Portland, United States']",[]
['Architectural Elements'],['tel:+1 314-252-2437'],['https://www.houzz.in/trk/aHR0cDovL3d3dy5hcmNoaXRlY3R1cmFsZWxlbWVudHMuY28/04f62dd6195d9002dadd65f51275fcb0/ue/MTUzMjQ/b3394d0f94e224e6564279593507e152'],"['St. Louis, Missouri, United States']",[]
['Peacock Upholstery & Furniture'],['tel:+1 314-481-4870'],['https://www.houzz.in/trk/aHR0cDovL3d3dy5wZWFjb2NrdXBob2xzdGVyeS5jb20v/695ca2540157d432595e0c0c3694d389/ue/MTc5MzIxNjQ/51b0e4c4c1f096e4f25487663df40d56'],"['Saint Louis, Missouri, United States']",[]
"[""Van Der Meulen's Fine Finishers Inc""]",['tel:+1 616-931-0036'],['https://www.houzz.in/trk/aHR0cDovL3d3dy5maW5lZmluaXNoZXJzLmNvbQ/beede14ccf8cdafaf819fbb16477d719/ue/MjA0NTI4NDg/4712711a2956097ea72947a2e1bc6d85'],"['Zeeland, Michigan, United States']",[]
['Verde Home'],['tel:+1 678-927-9113'],['https://www.houzz.in/trk/aHR0cDovL3d3dy52ZXJkZWhvbWVpbmMuY29t/6be8e613412928a4756ccc0b697a4031/ue/MTg0Mzk/6cc5fadf94f7e90171f21c408b28f461'],"['Atlanta, Georgia, United States']",[]
['Apollonian House Upholstery'],['tel:+1 203-919-2063'],['https://www.houzz.in/trk/aHR0cDovL3d3dy5hcG9sbG9uaWFuaG91c2UuY29t/871caf2a94436e3fe9e87e98f13383fb/ue/NDIyOTQ0Ng/468da942e7c026c0ccaa238f2c545d6b'],"['Norwalk, Connecticut, United States']",[]
['Hart-Lines Inc.'],['tel:+1 954-421-5252'],['https://www.houzz.in/trk/aHR0cDovL3d3dy5oYXJ0LWxpbmVzaW5jLmNvbQ/52f132b0e09a8e74e0f0211a4ca40a79/ue/Mjc0MDE5NA/8cec3427655e4e70d67771070be80c45'],"['Pompano Beach, Florida, United States']",[]
['ASMMobili'],['tel:+359 88 846 7174'],[],"['Stara Zagora, Bulgaria']",[]
['Gamino Decor'],['tel:+1 818-559-6314'],['https://www.houzz.in/trk/aHR0cDovL3d3dy5nYW1pbm9kZWNvci5jb20/397c57fa0809a40f1a5e142cce53ac54/ue/NDU4MzQ3NA/285d772ee9f26060fb07066e1c8d936a'],"['Burbank, California, United States']",[]
['Turner Custom Furniture'],['tel:+1 404-392-8279'],['https://www.houzz.in/trk/aHR0cDovL2RvdWctdHVybmVyLnNxdWFyZXNwYWNlLmNvbQ/3c0a208638f78d7c0e12ded38bc0955b/ue/NTU0MTM/104588c0b10a7a0b4144f5c7d5f6cc1f'],"['Rex, Georgia, United States']",[]
['Ideal Sofa'],['tel:+1 905-361-0154'],['https://www.houzz.in/trk/aHR0cDovL3d3dy5pZGVhbHNvZmEuY29t/71562b629a743e0f728403d3c57f177b/ue/NTQ1NTU0MQ/8c8aea8d5ec5051948e7492eff1b97d7'],"['Mississauga, Ontario, Canada']",[]
['bwilliamdesign'],['tel:+1 805-477-8356'],['https://www.houzz.in/trk/aHR0cDovL3d3dy5id2lsbGlhbWRlc2lnbi5jb20/39d313e6a74a83fec6cce05f2c5af089/ue/NjkzMzc/0b84e9e7c99b48fa18adab341896e78c'],"['Ventura, California, United States']",[]
['Blawnox Upholstery'],['tel:+1 412-826-9080'],['https://www.houzz.in/trk/aHR0cDovL3d3dy5ibGF3bm94dXBob2xzdGVyeS5jb20/5c98e94f61a16d7c7de82c8128b6b159/ue/NDQyMDU4MQ/cbd4767d16b77cd56d859fc0a2c32925'],"['Pittsburgh, Pennsylvania, United States']",[]
['Lea Bassani Design'],['tel:+1 516-773-3434'],['https://www.houzz.in/trk/aHR0cDovL3d3dy5MZWFCYXNzYW5pLmNvbQ/816b7b6f79e9ae105674cb486b76cb4a/ue/Mzg5MTg/aa658378ad41bb559d243e33316a33dc'],"['Kings Point, New York, United States']",[]
['LUC VAGANAY SARL'],['tel:+33 4 78 52 36 63'],['https://www.houzz.in/trk/aHR0cDovL3d3dy5sdWN2YWdhbmF5LmNvbS8/d8851c14d195e1846d7afa6688a45cae/ue/MjIzODgyMTc/a11f1046394cd9d6d20e9d886e476040'],['LYON'],[]
"[""Love's Custom Upholstery""]",['tel:+1 262-758-3100'],['https://www.houzz.in/trk/aHR0cDovL3d3dy5sb3Zlc2N1c3RvbXVwaG9sc3RlcnkuY29t/b3bcf9761fc358d332c464868701aab5/ue/NTA5ODEzNQ/2c2221f6cd7ebce04172fc60dfc06f14'],"['BURLINGTON, Wisconsin, United States']",[]
"[""L'atelier de Marie Jo""]",['tel:+33 6 48 45 13 43'],[],['Mondonville'],[]
['Concreteworks'],['tel:+1 510-534-7141'],['https://www.houzz.in/trk/aHR0cDovL2NvbmNyZXRld29ya3MuY29t/4832692bfe71a1e8c61e51c5830789c4/ue/NzQyNjQ/1f699e2af1b0f5b71c471812f6629ec5'],"['Alameda, California, United States']",[]
['FineWork quality finishing inc.'],['tel:+1 604-463-1686'],[],"['Vancouver, British Columbia, Canada']",[]
['Jadis'],['tel:+33 3 86 27 24 47'],['https://www.houzz.in/trk/aHR0cDovL3d3dy5sZWJsb2dkZWphZGlzLmZyLw/dcd65cab78fd2503645410524dcd5f42/ue/MjM4Mjk1NzY/a3f7914e3e5095628f8ec57fa126913f'],['CLAMECY'],[]
['Art Deco Relooking'],['tel:+33 4 93 53 63 71'],['https://www.houzz.in/trk/aHR0cDovL3d3dy5hcnRkZWNvcmVsb29raW5nLmNvbS8/218b720e0b1c05cf7e9f01566c2578b9/ue/MjM4NDAxNTI/f01124223a3d837e609d1d3645ba9644'],['Nice'],[]
['SEE MATERIALS INC.'],['tel:+1 310-657-5100'],['https://www.houzz.in/trk/aHR0cDovL3NlZW1hdGVyaWFscy5jb20/e5f31398caf1f5466c6c246b01b03dd0/ue/NTIzMTg/58ab3faeed09a2ae5ef3a938272b08e8'],"['West Hollywood, California, United States']",[]
['Caniglias Upholstery'],['tel:+1 402-237-1834'],[],"['Omaha, Nebraska, United States']",[]
['Woodland Creek Furniture'],['tel:+1 231-668-9125'],['https://www.houzz.in/trk/aHR0cDovL3dvb2RsYW5kY3JlZWtmdXJuaXR1cmUuY29t/69d28484e55512f26932cf6bfe8baf2d/ue/MTA3MTk4/49deb049de8b946c5128f4a0bb70db32'],"['Traverse City, Michigan, United States']",[]
"['Burlap Upholstery Studio, Inc.']",['tel:+1 888-868-5550'],['https://www.houzz.in/trk/aHR0cDovL3d3dy5idXJsYXBzdHVkaW8uY29t/f68e2a7354a089d0af60362baed49c41/ue/NjQ2NjE0Mg/c206dec87c176100179d468cc33d72c1'],"['Georgetown, Texas, United States']",[]
['Kate Madison'],['tel:+1 800-931-5283'],['https://www.houzz.in/trk/aHR0cDovL3d3dy5rYXRlbWFkaXNvbi5jb20/37d35b0028c743596de959e17f438baa/ue/MTAzNTc2/457de3acbe712c9c8c7d8c3d1def12cf'],"['Newburyport, Massachusetts, United States']",[]
['Artistic Upholstery'],['tel:+1 562-691-9933'],['https://www.houzz.in/trk/aHR0cDovL2F1cGhvbHN0ZXJ5LmNvbQ/99a1ec3c07b43772dc991e4b87dd793b/ue/NjMwNDU3Mg/c8a8ee31fb847644ea843a586039af0e'],"['La Habra, California, United States']",[]
['Ma Bulle DÃ©co'],['tel:+33 6 76 79 74 25'],['https://www.houzz.in/trk/aHR0cDovL3d3dy5tYWJ1bGxlZGVjby5jb20v/06ebeda130bfa5822e4296ef5884950f/ue/MjQ4MjkyMzE/362480652be8a32a5323c7d0148815c8'],['TOURCOING'],[]
['Nisah Living'],['tel:+1 800-520-1563'],['https://www.houzz.in/trk/aHR0cDovL3d3dy5uaXNhaGxpdmluZ2JvdXRpcXVlLmNvbQ/b377979850a0767d143e7797f7852722/ue/ODMxNTU/c3a1452047c908eb6aafcd952007981d'],"['Toronto, Ontario, Canada']",[]
['Design Public'],['tel:+1 800-506-6541'],['https://www.houzz.in/trk/aHR0cDovL3d3dy5kZXNpZ25wdWJsaWMuY29t/15571fd12e7ae476941b7cc6eb0d9c77/ue/NTYxNzk5/4a0e4f9adbde3ac73c1cd49419f94da9'],"['Culver City, California, United States']",[]
['Victoria Gayle Interiors'],['tel:+44 496008011'],['https://www.houzz.in/trk/aHR0cDovL3VwaG9sc3RlcnlhbmRjdXJ0YWlucy5jby51aw/5f70dc0d4b1f43f9856622916fc4355c/ue/NTk5NjM0MA/db447eb1f1aac0cbaf1e8ee73140b9f5'],"['Ramsgate, Kent']",[]
['Window25'],['tel:+1 973-817-9464'],['https://www.houzz.in/trk/aHR0cDovL3d3dy53aW5kb3cyNS5jb20/8c9b2b7b0ec1e012b50e60b759c71de7/ue/NTYwMjQxOQ/ab5e6f88496c63f494bce67df9d17446'],"['Newark, New Jersey, United States']",[]
['MATERIAL THINGS'],['tel:+1 509-667-9338'],['https://www.houzz.in/trk/aHR0cDovL21hdGVyaWFsdGhpbmdzd2VuLmNvbQ/cfc501241a39b08da6e8b1f8a7571d81/ue/MTk2NTc1Mg/ab41838458feb3aefbf2cf2df6616895'],"['Wenatchee, Washington, United States']",[]
"[""Abigail's Trunks""]",['tel:+972 54-434-1012'],['https://www.houzz.in/trk/aHR0cHM6Ly93d3cuZXRzeS5jb20vaWwtZW4veW91ci9saXN0aW5ncz9yZWY9c2lfeW91cl9zaG9w/3d26cec7fba6ae20b32460a1a5e983f7/ue/OTg3Mzc/b089eea7d72d864991b285c75308e8ea'],"['Ramat Hasharon, Israel']",[]
['Sparrow House of Design'],['tel:+1 970-581-6795'],['https://www.houzz.in/trk/aHR0cDovL3NwYXJyb3dob3VzZW9mZGVzaWduLmNvbQ/b758e01822f1726e63e25d389d556059/ue/NjYwMTI4/947f4ae530ea0db90dd17577d589576b'],"['Fort Collins, Colorado, United States']",[]
['Buckhead Furniture Upholstery & Refinishing'],['tel:+1 404-233-9775'],['https://www.houzz.in/trk/aHR0cDovL3d3dy5idWNraGVhZHVwaG9sc3RlcnkuY29t/78408bd6974ac83da6dbf0ce9db73f26/ue/NTgyNzg1Mg/7820b064e2cf83d7b12145b3bf88a0c4'],"['Atlanta, Georgia, United States']",[]
['Corl Design'],['tel:+1 330-828-6631'],['https://www.houzz.in/trk/aHR0cDovL2NvcmxkZXNpZ24uY29t/97daa47749ac7b95cec34505b339a96d/ue/MTA3MTAx/8ef68555e45aec61b4c00823b4a67cd8'],"['Millersburg, Ohio, United States']",[]
['california butcher block'],['tel:+1 888-856-1965'],['https://www.houzz.in/trk/aHR0cDovL3d3dy5jYWxpZm9ybmlhYnV0Y2hlcmJsb2NrLmNvbQ/fb30c327b26a5677ec2676afd06a40b2/ue/MTAzNzE3/89063735f03e478072db220e949cdfec'],"['California, United States']",[]
['DZINE'],['tel:+1 415-674-9430'],['https://www.houzz.in/trk/aHR0cDovL3d3dy5kemluZWxpdmluZy5jb20/fa928dac0fecf223653d689c7e5b918b/ue/MTQxNTU0/fe5092d225d2f163079be9dd69cb581f'],"['San Francisco, California, United States']",[]
['FRONTGATE'],['tel:+1 800-692-8073'],['https://www.houzz.in/trk/aHR0cDovL3d3dy5mcm9udGdhdGUuY29t/bb4ea91c6678edb7df054d207e53cced/ue/NTYxOTgy/bde97e6f3adf132bffd1e717c62a0d8e'],"['West Chester Township, Ohio, United States']",[]
['Horchow'],['tel:+1 800-456-7000 ext. 5740'],['https://www.houzz.in/trk/aHR0cHM6Ly93d3cuaG9yY2hvdy5jb20/43bb893b10e3380721cc5e9b88d3fa0c/ue/NTYxODkw/963479f09a1e63f71f1add92a2c5cb27'],"['Dallas, Texas, United States']",[]
['Niche Modern'],['tel:+1 212-777-2101'],['https://www.houzz.in/trk/aHR0cDovL3d3dy5uaWNoZW1vZGVybi5jb20/c246bc31189add8f8d48cdd91f955c4e/ue/MTE4MjUy/f9550ea093dc92c2818f7fa8889cb3cd'],"['Beacon, New York, United States']",[]
['GK Meubles'],['tel:+33 6 61 45 75 40'],['https://www.houzz.in/trk/aHR0cDovL3d3dy5nay1tZXVibGVzLmNvbQ/5b0d406c60153d57ad5f42ec41698168/ue/MjY1NzE0Mjc/19fe67eca30c0b90b309556da6632c5d'],['havange'],[]
['Spruce'],['tel:+1 512-454-8181'],['https://www.houzz.in/trk/aHR0cDovL3d3dy5zcHJ1Y2VhdXN0aW4uY29t/71b034d9679562a87d48ad08181b4319/ue/NjU4MTM0OA/6f6f1ab405a60ba39fbaeddfc9355f4e'],"['Austin, Texas, United States']",[]
"[""couleurs d'avant""]",['tel:+33 6 30 76 06 88'],['https://www.houzz.in/trk/aHR0cDovL2NvdWxldXJzZGF2YW50LmNvbQ/d6a1dcada3460ce6fbd7ee41819dabfe/ue/MjY1NDcyMTA/c4992279c0107547c6ed2b1377fb1650'],['SAINT ILPIZE'],[]
['WorkSpaces Inc.'],['tel:+1 425-226-4398'],['https://www.houzz.in/trk/aHR0cDovL3d3dy53b3Jrc3BhY2VzLmNvbQ/fd60502b416e7122f0b080db85b4c7ac/ue/MTExNjU2/b371fc2c5e1c59a1d954aa05e689fe31'],"['Newcastle, Washington, United States']",[]
['Danish Design Store'],['tel:+1 800-688-0974'],['https://www.houzz.in/trk/aHR0cDovL3d3dy5kYW5pc2hkZXNpZ25zdG9yZS5jb20/fc9c7ac5e428bf87488509fb7809420f/ue/NTYxOTg3/338843c0b1818bb1d131c3edd1ecaddc'],"['Culver City, California, United States']",[]
['ã\x83\x95ã\x82£ã\x82ºã\x83ªã\x83\x9aã\x82¢ã\x83¯ã\x83¼ã\x82¯ã\x82¹'],['tel:+81 3-6805-2203'],['https://www.houzz.in/trk/aHR0cDovL3d3dy5maXp6LXIuY29tLw/df0b98419aa8c537425375ec542e8f95/ue/MjYxNDgwNDY/3a6ede42ca2be10c6bf3edc3d1567d2d'],['Tokyoç\x9b®é»\x92å\x8cº'],[]
['Rebecca Holiday Restorations'],['tel:+1 215-954-1301'],['https://www.houzz.in/trk/aHR0cDovL3d3dy5yZWJlY2NhaG9saWRheS5jb20/fc2e36097d1140b13490bfe62938db39/ue/NzAxNDk4MQ/0b79eeb0c5642722397235c8874de419'],"['Philadelphia, Pennsylvania, United States']",[]
"['The Work Room, Inc.']",['tel:+1 212-845-9889'],['https://www.houzz.in/trk/aHR0cHM6Ly93d3cudGhld29ya3Jvb21ueWMuY29t/1e9d24e00ee19d1676fdbc4d50bffae4/ue/NjU5NzUzOQ/6b710c5934a67c1481a6fb47a87de18e'],"['Brooklyn, New York, United States']",[]
['Mothology'],['tel:+1 404-351-6484'],['https://www.houzz.in/trk/aHR0cDovL3d3dy5tb3Rob2xvZ3kuY29t/b74e162dc67dff777ee34aab6edf3e31/ue/NTYxODYy/9eb186193a88fafc5d3c339cfe93e9e9'],"['Atlanta, GA, Georgia, United States']",[]
['Cost Plus World Market'],['tel:+1 877-967-5362'],['https://www.houzz.in/trk/aHR0cDovL3d3dy53b3JsZG1hcmtldC5jb20/0d997945330cd57dcc1ef783ef4b4443/ue/NTYxOTMz/79e59ce63e3e4ba7cab155f908b4bd75'],"['Oakland, California, United States']",[]
['Bennison Fabrics'],['tel:+1 212-223-0373'],['https://www.houzz.in/trk/aHR0cDovL3d3dy5iZW5uaXNvbmZhYnJpY3MuY29t/2ac29101bfec11f4fecbf99e5e032cd5/ue/Njc4ODI2NA/052203238b28bda5efcb34912622a755'],"['New York, New York, United States']",[]
"[""L'ATELIER DE L'ILL""]",['tel:+33 6 70 45 95 18'],['https://www.houzz.in/trk/aHR0cDovL3d3dy5sYXRlbGllcmRlbGlsbC5mcg/18a79fc5e26bc7396238b8c6b584486f/ue/MjcwOTI0NTM/d854defea42bac79b3bb6e0d7838edff'],['ILLHAEUSERN'],[]
['Elte'],['tel:+1 416-785-7885'],['https://www.houzz.in/trk/aHR0cDovL3d3dy5lbHRlLmNvbQ/e94c4e7f047cca0047bb76bd878389e2/ue/MTUwNTQ3/827751316c0009e8339feae69f6e81a2'],"['Toronto, Ontario, Canada']",[]
['Alabama Sawyer'],['tel:+1 310-823-0112'],['https://www.houzz.in/trk/aHR0cDovL3d3dy5hbGFzYXcuY29t/3c50739db110e5a8084472214bc62594/ue/MTUxNTA2/24e59f87b11f20bc40b5c9d268e584c1'],"['Birmingham, Alabama, United States']",[]
['The Designer Sofa'],['tel:+44 115 946 4636'],['https://www.houzz.in/trk/aHR0cDovL3d3dy50aGVkZXNpZ25lcnNvZmEuY28udWs/c26d2d61b1f7e4525c651a150f510e19/ue/MTQ5NDcy/39e057f9312820c64c8f0b96e85bb65d'],"['Long Eaton, Derbyshire']",[]
['Atelier le Grand Cerf Restauration de Meubles'],['tel:+33 3 21 36 75 18'],['https://www.houzz.in/trk/aHR0cDovL2JvdWNoZXJfbmljb2xhcy5ob3V6ei5mcg/f4579b66d9708f4d5f82ce88dd6ee26d/ue/MjY5OTg0NDM/d03cff3a24c0b8edc928b8e412388713'],['Marquise'],[]
['MyKnobs'],['tel:+1 718-783-7912'],['https://www.houzz.in/trk/aHR0cDovL3d3dy5teWtub2JzLmNvbQ/b8303d576f6f1f62dd8ce24943a67dde/ue/NTYyMDk0/f45cf78f4358b826a341c01f929a4dd1'],"['Hicksville, New York, United States']",[]
['Arthur L. Bailey & Co.'],['tel:+1 404-592-9149'],['https://www.houzz.in/trk/aHR0cDovL3d3dy5hcnRodXJsYmFpbGV5LmNvbQ/f9bc9b3cf435a08ff2d9c5c9466912c7/ue/MTAwMDIw/3c15ba32dee7aa93edd41d230edd62aa'],"['Tucker, Georgia, United States']",[]
['notonthehighstreet.com'],[],['https://www.houzz.in/trk/aHR0cDovL3d3dy5ub3RvbnRoZWhpZ2hzdHJlZXQuY29t/3f75623220c0931846a59b3da61b3dd6/ue/NTYyMDU1/bb1e83b8296f54bf53b2f9e3a7c2233b'],[],[]
['Mangold & Mangold Upholstery Inc'],['tel:+1 210-733-1309'],['https://www.houzz.in/trk/aHR0cDovL3d3dy5tYW5nb2xkdXBob2xzdGVyeS5jb20/a63c8326f371343b980f131e2b9996d5/ue/NTM5MzQ5Ng/b69c3196c83f4410bc2b9dfb7ec51007'],"['San Antonio, Texas, United States']",[]
['Landry Home Decorating'],['tel:+1 978-532-0907'],['https://www.houzz.in/trk/aHR0cDovL3d3dy5sYW5kcnlob21lZGVjb3JhdGluZy5jb20v/4d506276ddc7f3c07e9ab98a39d12054/ue/NzE0OTczNw/d7b5a70b83b8a55df9cc5d431755731f'],"['Peabody, Massachusetts, United States']",[]
['Pier 1'],['tel:+1 800-245-4595'],['https://www.houzz.in/trk/aHR0cDovL3d3dy5waWVyMS5jb20/90c2aa20c25ce541227cf139d85c71d3/ue/NTYyMTI3/5bc6d4589dcfe591c8f41cfa5347f5cc'],"['Fort Worth, Texas, United States']",[]
['Quality Upholstery'],['tel:+1 407-654-7730'],['https://www.houzz.in/trk/aHR0cDovL1F1YWxpdHktVXBob2xzdGVyeS5jb20/b6c862b394c84eaabc82d999c4bc6903/ue/NzAyODIzOQ/c8f20107e13ffd53ca6e2529f3c83248'],"['Clermont, Florida, United States']",[]
['Zuarte Restauracion'],['tel:+34 946 73 46 78'],['https://www.houzz.in/trk/aHR0cDovL3d3dy56dWFydGVyZXN0YXVyYWNpb24uY29t/c68453c7b5c6212e1a7e6cc3417b9b34/ue/Mjc0NTYyODI/8f4c03da67dec7dbb2968d3090cae303'],['Amorebieta'],[]
['Francis Lemieux'],['tel:+1 604-469-9684'],['https://www.houzz.in/trk/aHR0cDovL2ZyYW5jaXNsZW1pZXV4LmNvbQ/d32f24f0abfdedfe2d16dfd083e5d8d0/ue/MTU1ODkz/8ab32309a876c6f2687b025aa09d86ee'],"['Port Moody, Canada']",[]
['Patine&Restauration - Pauline Rousselet'],['tel:+33 6 16 55 12 81'],['https://www.houzz.in/trk/aHR0cDovL3d3dy5wYXRpbmUtcmVzdGF1cmF0aW9uLmNvbS8/90297f60bb5024a42fc569c81aa3bd52/ue/MjcyMDQzMjc/bc42ea2729b8b9699437d238430f09c2'],['Esserts-SalÃ¨ve'],[]
"['Copley Upholstery, Inc.']",['tel:+1 330-239-6700'],['https://www.houzz.in/trk/aHR0cDovL3d3dy5Db3BsZXlVcGhvbHN0ZXJ5LmNvbQ/343bfc6e93b60105c47fa5c9c754b5ce/ue/NzM4NjA0OA/2fad4ef22f710c3e3a50e8e8b05930cf'],"['Medina, Ohio, United States']",[]
['French Heritage'],['tel:+1 800-245-0899'],['https://www.houzz.in/trk/aHR0cDovL3d3dy5mcmVuY2hoZXJpdGFnZS5jb20/11cbef395c7987b518310c685d4b08c3/ue/NTYyMjkx/5dc8ce2de1b8ad9417e3da11e8d1e6b4'],"['High Point, North Carolina, United States']",[]
['Les Finitions de Provence'],['tel:+33 4 90 59 74 02'],['https://www.houzz.in/trk/aHR0cDovL3d3dy5maW5pdGlvbnMtZGUtcHJvdmVuY2UuY29t/1ce0c2fcc56c364220a75d981188bc48/ue/Mjc5NTc3MzA/2fd92e5a247e493be2cb5a1a92d981c3'],['Mallemort'],[]
"[""Poppin' Wood""]",['tel:+33 6 52 74 04 22'],['https://www.houzz.in/trk/aHR0cDovL3BvcHBpbndvb2Qud2l4LmNvbS9wb3BwaW4td29vZA/cd7f31503526c6f69a223f7c7369e622/ue/Mjc5MTk0OTU/3d380dba94a6b3760e8914c0415350cf'],['Paris'],[]
['91Â° art & design'],['tel:+49 221 30249163'],['https://www.houzz.in/trk/aHR0cDovL3d3dy45MWdyYWQtZGVzaWduLmRl/7542983f44041b4f32a9e8ca3fbb29c5/ue/MTgyNDY1/097d1ebfc7aedc3a10f0247933b7475b'],['KÃ¶ln'],[]
['Intoo'],['tel:+61 2 9700 0117'],['https://www.houzz.in/trk/aHR0cDovL3d3dy5pbnRvby5jb20uYXU/0cd8b43fef5bde65ddc8a3ffa3af56b9/ue/NzQwOTczNg/43092cc8baaf706c746262c1d9d05f0e'],"['BANKSMEADOW, New South Wales']",[]
['TOKEN'],['tel:+1 347-763-2942'],['https://www.houzz.in/trk/aHR0cDovL3d3dy50b2tlbm55Yy5jb20/a9632b7032edcbfb71efb8a680593ffe/ue/MTgyNTcz/4c157d159c3b38f899eb9bc45371575b'],"['Brooklyn, New York, United States']",[]
['Artefacto - Dallas'],['tel:+1 832-746-0579'],['https://www.houzz.in/trk/aHR0cDovL3d3dy5hcnRlZmFjdG8tb25saW5lLmNvbQ/047b40c3e6bf409910d41aea6bb1d52f/ue/MTU5NDY2/f36d821dc649c9398d84b0f06196fd00'],"['Dallas, Texas, United States']",[]
['Dutch Element'],['tel:+1 646-691-6849'],['https://www.houzz.in/trk/aHR0cDovL2R1dGNoZWxlbWVudC5jb20/3605cfebc8c1ee545b52565a8ae527da/ue/Mjc3ODYxMzI/9add641f8578b8c8007f0f7606211d3e'],"['Kerhonkson, New York, United States']",[]
['Lazzari USA - a brand of Foppapedretti'],['tel:+1 917-684-5905'],['https://www.houzz.in/trk/aHR0cDovL3d3dy5sYXp6YXJpdXNhLmNvbQ/39f276d10c77a757c209b4c603118615/ue/MTg0ODQ5/77f12df916327b4db8c455e697ad92c6'],"['New York, New York, United States']",[]
['COCOCOZY'],['tel:+1 310-275-4189'],['https://www.houzz.in/trk/aHR0cDovL3Nob3AuY29jb2NvenkuY29t/9eb5dee6bcfe4ccf6ca4c632e317f061/ue/Nzk4NjM/b697184a6e358053b8370c24d6f7d5be'],"['Beverly Hills, California, United States']",[]
['AntiquitÃ¤ten Zahn'],['tel:+49 8095 1810'],['https://www.houzz.in/trk/aHR0cDovL2FudGlremFobi5ob3V6ei5kZQ/fec636ff78772972af80571e4db0ea93/ue/Mjc4NDc3MzE/1a3baa65c6deb7e61d824ba72c0545ff'],['Aying/PeiÃ\x9f'],[]
"[""Caron's Beach House""]",['tel:+1 800-830-9819'],['https://www.houzz.in/trk/aHR0cHM6Ly93d3cuY2Fyb25zYmVhY2hob3VzZS5jb20/d4d10cfcbbb7cd74a80ec6feb33523d4/ue/MTczMjcw/64c2c398ab087d406cdf7825f107db17'],"['Half Moon Bay, California, United States']",[]
['GACO CUSTOM FURNITURE'],['tel:+1 516-538-4449'],['https://www.houzz.in/trk/aHR0cDovL0dBQ09JTkMuQ09N/7d6811041057ae75f188c307051fd3d6/ue/MTgyOTk0/18b891901b6bd5aaf50d6799e13f3035'],"['WEST HEMPSTEAD, New York, United States']",[]
['Sembritzkis Restaurierung Kunst AntiquitÃ¤ten'],['tel:+49 441 8859696'],['https://www.houzz.in/trk/aHR0cDovL3d3dy5zZW1icml0emtpcy5kZS8/48f679ac22dc13b85862f4230d58730c/ue/Mjc4MzE1NjI/1f48e40ecb90bb8ef776b8cceb929e07'],['Oldenburg'],[]
['GSelect'],['tel:+1 212-844-9901'],['https://www.houzz.in/trk/aHR0cDovL3Nob3AuZ2Vzc2F0by5jb20/a8c8fc6a5a38abf93718dcd11509e1b9/ue/MjA5MjQx/a4c85f0250fe61a7cc514d89af3e51a5'],"['Brooklyn, New York, United States']",[]
['The Golden Triangle'],['tel:+1 312-755-1266'],['https://www.houzz.in/trk/aHR0cDovL3d3dy5nb2xkZW50cmlhbmdsZS5iaXo/646bd0eea60247397473a7f6869d4074/ue/MjA5NTky/033b5df9f64698070290ff83678de6ae'],"['Chicago, Illinois, United States']",[]
"[""Kim's Upholstery and Custom Soft Home Furnishings""]",['tel:+1 413-772-0013'],['https://www.houzz.in/trk/aHR0cDovL3d3dy5raW1zdXBob2xzdGVyeS5jb20/092811c279ccb06c4b2804a01178282e/ue/MzkyODA3OQ/11a84bac707a8d39494f730fad364675'],"['Greenfield, Massachusetts, United States']",[]
['2Modern'],['tel:+1 415-877-1557'],['https://www.houzz.in/trk/aHR0cDovL3d3dy4ybW9kZXJuLmNvbQ/34aa94d74dd6108c5ea54532fa3a653c/ue/NjQ3MjY3/d70a47a33663fbc81f592aeaebd619c9'],"['Mill Valley, California, United States']",[]
['The Hickory Chair Furniture Co.'],['tel:+1 800-225-7576'],['https://www.houzz.in/trk/aHR0cDovL3d3dy5oaWNrb3J5Y2hhaXIuY29t/43335c6c2274f870bf0a692d0dadbce8/ue/NTYyNDMy/64b3644d1d42340b087d998ababeb45b'],"['Hickory, North Carolina, United States']",[]
['NIP AND TUCK IT'],['tel:+1 508-228-6721'],['https://www.houzz.in/trk/aHR0cHM6Ly90b2xscmViYS5ob3V6ei5jb20/f098164c6809a5cea8a14164218747ee/ue/NzYzNTIzNQ/8ede0de5592436ab5835244737dc0d3f'],"['Nantucket, Massachusetts, United States']",[]
['Richards Upholstery & Interiors Inc.'],['tel:+1 905-828-9677'],['https://www.houzz.in/trk/aHR0cDovL3JpY2hhcmRzdXBob2xzdGVyeS5jb20/dc7597030e97ce32c743397dcec4bcbe/ue/NzYxMTY5Nw/bf9d4ee1a7bed9916f87e8ea2c0038fb'],"['Mississauga, Ontario, Ontario, Canada']",[]
['ShopLadder'],['tel:+1 954-416-5000'],['https://www.houzz.in/trk/aHR0cDovL3d3dy5pdmdzdG9yZXMuY29tLw/0aec851cea877564ddce35f80b6c0c3d/ue/NTYyMzk0/c9dd4f6f4e3067dc85a3773fa5d98b7f'],[],[]
['The Classy Cottage'],['tel:+1 866-610-0481'],['https://www.houzz.in/trk/aHR0cDovL3d3dy50aGVjbGFzc3ljb3R0YWdlLmNvbQ/f908f9e5328a7574a8694820f7ab8497/ue/MTk0ODQ0/0416eb73d62aa9cca245890ed3b975aa'],"['Midland, North Carolina, United States']",[]
['Mdo looping'],['tel:+33 6 84 58 90 19'],['https://www.houzz.in/trk/aHR0cDovL21kb2xvb3BpbmcuaG91enouZnI/80bf88f3f7c1e35a313885f7ee323362/ue/MjgxMDM1MjQ/7b63dab8fa4be1fb36d57a49145e9089'],"[""plouezoc'h""]",[]
['Fitzsu'],['tel:+1 323-655-1908'],['https://www.houzz.in/trk/aHR0cDovL3d3dy5maXR6c3UuY29t/0c718b71f3d17611bf8517d8f1d989e9/ue/NTYyMzg0/ee64a63115c62316449df1148855ee6b'],"['Los Angeles, California, United States']",[]
['Maine Cottage'],['tel:+1 866-366-3505'],['https://www.houzz.in/trk/aHR0cDovL3d3dy5tYWluZWNvdHRhZ2UuY29t/3e084899676b0c31c6c2716199ed888d/ue/NTYyNDM0/2ed35d3d5ba5b920e3a9e1a46773936c'],"['Annapolis, Maryland, United States']",[]
['Fatboy USA'],['tel:+1 972-304-6020'],['https://www.houzz.in/trk/aHR0cDovL3Nob3AuZmF0Ym95dXNhLmNvbQ/f5f88896c8f183912214e6d5e963f51d/ue/NTYyMzY5/55a1947f2cc1ce17c82b23fc7d2a5b81'],"['Coppell, Texas, United States']",[]
['Chantal Hospodar Serenity Stumps'],['tel:+1 613-277-5165'],['https://www.houzz.in/trk/aHR0cDovL3NlcmVuaXR5c3R1bXBzLmNvbQ/776dbd4c026a19972ff74bedba859ba5/ue/MTg3NTMz/17590d922a281dc55196cfa50f8dee2c'],"['Kanata, Ontario, Canada']",[]
['DelGreco Textiles'],['tel:+1 866-485-4080'],['https://www.houzz.in/trk/aHR0cDovL0RlbGdyZWNvdGV4dGlsZXMuY29t/a9cd84c4c0cc5671854c8b7d1308c654/ue/NzU3MTk4Mg/350889740fdb262db52093b7c2f03462'],"['Sandusky, Ohio, United States']",[]
['Burke Decor'],['tel:+1 888-338-8111'],['https://www.houzz.in/trk/aHR0cDovL2J1cmtlZGVjb3IuY29t/b8c1f9fb577ea0ac4e729f84e19ceea1/ue/MjI5NTQ3/bc0490e64947d95778bfd6f0db7a40b4'],"['Boardman, Ohio, United States']",[]
['Prestigious Textiles'],['tel:+44 1274 688448'],['https://www.houzz.in/trk/aHR0cDovL3d3dy5wcmVzdGlnaW91cy5jby51aw/4ec10d285ec35c7d6fbcfd07dc575532/ue/NzcxMTcyOA/df4f762c8f424f691fcc3fd77917b726'],['Leeds'],[]
['Upholstery By Paul'],['tel:+1 914-939-3902'],['https://www.houzz.in/trk/aHR0cDovL3d3dy51cGhvbHN0ZXJ5YnlwYXVsLmNvbQ/efbfe6b4302cba51f83cecdd5e8bd072/ue/NzcwMjI1NA/e43dd361b23d6c50031ad905b56e228e'],"['Port Chester, New York, United States']",[]
['Switch Modern'],['tel:+1 404-605-0196'],['https://www.houzz.in/trk/aHR0cDovL3d3dy5zd2l0Y2htb2Rlcm4uY29t/924bfc5492d6210ada293525f0064411/ue/NDY1MDQw/4f88418d85005695cb20be7aa5e18d56'],"['Atlanta, Georgia, United States']",[]
['Clayton Gray Home'],['tel:+1 813-250-3663'],['https://www.houzz.in/trk/aHR0cDovL3d3dy5jbGF5dG9uZ3JheWhvbWUuY29t/cb34cfc1f7aabb89b27f7160aa343c19/ue/MjE1OTUz/a3a4a672e1507112881ea89c7f0f7b16'],"['Tampa, Florida, United States']",[]
['Home Infatuation'],['tel:+1 309-341-0454'],['https://www.houzz.in/trk/aHR0cDovL3d3dy5ob21laW5mYXR1YXRpb24uY29t/7a55496ef9e6a83a80b85bfcaedcc8c5/ue/NDY2MzI3/1ae8e057ea1f80a33c686b02c0417222'],"['Galesburg, Illinois, United States']",[]
['CounterEvolution'],['tel:+1 212-647-7505'],['https://www.houzz.in/trk/aHR0cDovL2NvdW50ZXJldi5jb20/8e5453732b0cb1731b1608796048635d/ue/MjY4NDIz/aa6f179e946665e14e8246c46fa7d09e'],"['New York, New York, United States']",[]
['Inmod'],['tel:+1 973-276-0444'],['https://www.houzz.in/trk/aHR0cDovL3d3dy5pbm1vZC5jb20/599e94eec8b3ecfe038219cc61e3f7c9/ue/MjM2NjE0/c77db693962ab332cbfb02260dceafc8'],"['Teaneck, New Jersey, United States']",[]
['Queen Anne Upholstery & Refinishing'],['tel:+1 206-282-3241'],['https://www.houzz.in/trk/aHR0cDovL3d3dy5xdWVlbmFubmV1cGhvbHN0ZXJ5LmNvbQ/401963028bbabbd5e83ab13403f6ce22/ue/Nzg2MTYyNA/939be60cb016744d7a3974a5b9396ccf'],"['Seattle, Washington, United States']",[]
['Seekers Bazaar'],['tel:+1 919-943-6366'],['https://www.houzz.in/trk/aHR0cDovL3NlZWtlcnNiYXphYXIuYmxvZ3Nwb3QuY29tLw/04ee71dae06237ab614d73a7f402bbeb/ue/MjczNTQ5/4e007fc60ce1895622c2c235a8d10409'],"['durham, North Carolina, United States']",[]
['DESU DESIGN'],['tel:+1 718-384-7306'],['https://www.houzz.in/trk/aHR0cDovL2Rlc3VkZXNpZ24uY29t/3675a86781f430023053d64406f0e50a/ue/NTYyNjU0/146a0c7ee5827fdfe1c299af2f2a35fc'],"['Bondville, Vermont, United States']",[]
['Loll Designs'],['tel:+1 877-740-3387'],['https://www.houzz.in/trk/aHR0cDovL3d3dy5sb2xsZGVzaWducy5jb20/ccf21585c248299d53dbe2f116ff301b/ue/NTYyODc3/f0cedb5433571aa9ecc280278b194f0f'],"['Duluth, Minnesota, United States']",[]
['ANGGUN SOFA & INTERIOR'],['tel:+60 17-683 3087'],['https://www.houzz.in/trk/aHR0cDovL2FuZ2d1bnNvZmEtaW50ZXJpb3IuY29t/80e5abce1762695eaecf1498e25e4bd4/ue/MjgyMTIwNjE/6ff912ad6cff300735f5e1e1513b9ff7'],"['Shah alam, Malaysia']",[]
['antoine laymond ldv design'],['tel:+33 6 60 20 64 37'],['https://www.houzz.in/trk/aHR0cDovL3d3dy5sZHYtZGVzaWduLmNvbS8/bd61a2f910d0a07b74d63e02290f5765/ue/MjgyMTExOTU/46fc0ce71b04210b9f21fefaee10704f'],['paris'],[]
['Malagana Design'],['tel:+57 1 4838463'],['https://www.houzz.in/trk/aHR0cDovL3d3dy5tYWxhZ2FuYWRlc2lnbi5jb20/4e88f299e7368c739358b6e6b1839042/ue/NTYyODA2/07bac4c37a43a0340fe0227362dd519b'],"['Bogota, Colombia']",[]
['The French Bedroom Company'],['tel:+44 1444 415430'],['https://www.houzz.in/trk/aHR0cHM6Ly93d3cuZnJlbmNoYmVkcm9vbWNvbXBhbnkuY28udWs/0ddf9b70eee1f4ffc809b1f9b7c9da46/ue/NTYzMjU3/dc021979b23726e99ec4a1f9ff2f5684'],['West Sussex'],[]
['RoomService 360'],['tel:+1 215-676-6100'],['https://www.houzz.in/trk/aHR0cHM6Ly93d3cucm9vbXNlcnZpY2UzNjAuY29t/fcb06d9342bc186329950f9c95418e86/ue/MjczOTIz/b6d978656e49eaaa1f0d7d957a95f8c1'],"['PHILADELPHIA, Pennsylvania, United States']",[]
['Sweetpea & Willow'],['tel:+44 345 257 2627'],['https://www.houzz.in/trk/aHR0cDovL3d3dy5zd2VldHBlYWFuZHdpbGxvdy5jb20/5ddefb88aad322044e7fa771cbe42748/ue/NTYzMjc3/1bd7967ce1c490badb8a7cf9fade8db0'],"['London, Greater London']",[]
['Barefoot Dwelling'],['tel:+1 443-603-4386'],['https://www.houzz.in/trk/aHR0cDovL3d3dy5iYXJlZm9vdGR3ZWxsaW5nLmNvbQ/3fc97b55eefbcf02b6fe37fe34f2263c/ue/Mjc0MDk4/56a0e790b28b48cfb1276a84ffcf5ad8'],"['Annapolis, Maryland, United States']",[]
['Burkley Custom Upholstery'],['tel:+1 905-426-4111'],['https://www.houzz.in/trk/aHR0cDovL3d3dy5CdXJrbGV5LmNh/bd763eb44c831ef3dc246913fa9e2c82/ue/ODMxNTM0NQ/4d2c1d70a3d041caed7ad41199626610'],"['Ajax, Ontario, Canada']",[]
['Verona Prive Maison'],['tel:+1 214-790-6303'],[],"['Dallas, Texas, United States']",[]
['Paradigm Gallery'],['tel:+1 877-746-6307'],['https://www.houzz.in/trk/aHR0cDovL3d3dy5QR01PRC5jb20/8cfd60ac230bed570191487b724b154e/ue/Mjc0ODIz/efa7d04c0847f21344df67ce486e34da'],"['Fort Myers, Florida, United States']",[]
['Upholstery Creations'],['tel:+1 252-414-2225'],['https://www.houzz.in/trk/aHR0cDovL3d3dy5mYWNlYm9vay5jb20vdXBob2xzdGVyeWNyZWF0aW9ucw/d3e3c2cbd49d8f53edf303d54f0f1c0a/ue/ODE4Njg0Mg/192577fb071aa60a3313d1d1f96f5cdd'],"['Winterville, North Carolina, United States']",[]
['Uphold Designs'],['tel:+1 214-205-2241'],['https://www.houzz.in/trk/aHR0cDovL1d3dy5VcGhvbGRkZXNpZ25zLmNvbQ/46efb23e1f49404714d713b854295594/ue/ODIwNzAzNQ/c308ee44f45cb93c6926919a70162900'],"['Dallas, Texas, United States']",[]
['Dare Studio'],['tel:+44 1273 607192'],['https://www.houzz.in/trk/aHR0cDovL3d3dy5kYXJlc3R1ZGlvLmNvLnVr/51df881b70dacf96a236ab1b34c8cafc/ue/NTYzMDEy/338ed5a365febe6c4ba1fec4cb3845de'],"['Hove, East Sussex']",[]
['Moroccan Prestige'],['tel:+1 212-741-1470'],['https://www.houzz.in/trk/aHR0cDovL21vcm9jY2FucHJlc3RpZ2UuY29t/04e613037906f81ba0eb50bb4379d0a1/ue/NTYzMTYy/2031b9329cf6242cc8b4cbb1b5edf10e'],"['Long Island City, New York, United States']",[]
['New Vision Furniture'],['tel:+1 713-682-2311'],['https://www.houzz.in/trk/aHR0cDovL3d3dy5udmZ1cm5pdHVyZS5jb20/91464303e2389fa67ef15ade2b7a9543/ue/MzUwODI1NQ/a69b6bbc92db2f7fcf017eb905177384'],"['Houston, Texas, United States']",[]
['Kelly Donovan'],[],['https://www.houzz.in/trk/aHR0cDovL3d3dy5zY2FuZGluYXZpYW5tYWRlLmNvbQ/2ef2ddb205fe59646d82dfa9c4c5d919/ue/MjkxMDkw/8a91411758ddf739f266c50c01980db9'],"['New York, New York, United States']",[]
['Mid Mod Mom'],[],['https://www.houzz.in/trk/aHR0cDovL21pZG1vZG1vbS5jb20/4837355556211bd7e47909dae954ba2f/ue/NDMxNw/890ff9d801d302e66b5c4f764cc5764c'],"['California, United States']",[]
['The Loaded Trunk'],['tel:+1 816-517-1486'],['https://www.houzz.in/trk/aHR0cDovL3d3dy5sb2FkZWR0cnVuay5jb20/d7d08e9786a79c69675586b85b390f80/ue/MzE3MDE0/880007ea10d5be60d3efbc14e2743b2d'],"['Kansas City, Missouri, United States']",[]
['Rotsen Furniture'],['tel:+1 305-792-5233'],['https://www.houzz.in/trk/aHR0cDovL3d3dy5yb3RzZW5mdXJuaXR1cmUuY29t/5a040b337a1400570d53a496501b2d47/ue/MzYwMDgy/491415fb957a5023e43266d477e1cc27'],['United States'],[]
['harrys upholstery'],['tel:+1 805-772-6156'],['https://www.houzz.in/trk/aHR0cDovL3d3dy5oYXJyeXN1cGhvbHN0ZXJ5LmNvbQ/745dd955eadc37a94b627066f9d4b962/ue/ODQ5MzY3MQ/ef10351e4a8534af4353215ff2b46b8c'],"['morro bay, California, United States']",[]
['Forma Living'],['tel:+1 877-811-7260'],['https://www.houzz.in/trk/aHR0cDovL0Zvcm1hTGl2aW5nLmNvbQ/4a24144ff50c0464650a7fe5ceccefae/ue/MzU5NTgy/524ae4f870c121ffb6f1eebeab2d14cd'],"['Oakland, California, United States']",[]
['FermobUSA'],['tel:+1 678-267-2029'],['https://www.houzz.in/trk/aHR0cDovL2Zlcm1vYnVzYS5jb20/fcbf26f89ef5390609964427ceeaaa1b/ue/NTYzNjQ4/0aa84194ce9b376bccd0f86a39a76d42'],"['Atlanta, Georgia, United States']",[]
['Custom Creations Furniture'],['tel:+1 713-522-5833'],['https://www.houzz.in/trk/aHR0cDovL3d3dy5jdXN0b21jcmVhdGlvbnNmdXJuaXR1cmUuY29t/607c503e1ae55e970adf32fdff0b6170/ue/ODQyMzE0Nw/48ae8e41691fe4315740fe69ded0c81a'],"['Houston, Texas, United States']",[]
"['Window25, LLC']",['tel:+1 973-817-9464'],['https://www.houzz.in/trk/aHR0cDovL3d3dy53aW5kb3cyNS5jb20/8c9b2b7b0ec1e012b50e60b759c71de7/ue/ODAyMTgxMg/11632280576d5aaa9390e7a9c46ebc13'],"['Newark, New Jersey, United States']",[]
['Z &  A  Workshop'],['tel:+1 323-382-6036'],['https://www.houzz.in/trk/aHR0cDovL3phd29yay5ob3V6ei5jb20/e9803cf2d69f9f3477990f30beb55f15/ue/ODQ0Nzg3Ng/871a4aa38c87358156ff85012575153e'],"['los angeles, California, United States']",[]
['Sally Johannessen'],['tel:082874 31800'],['https://www.houzz.in/trk/aHR0cDovL3d3dy5kb3ZldGFpbC1hbnRpcXVlcy5jb20/ae2b3fa9c6144c1aa069f90262c0491d/ue/MzE5ODQw/01efa420d4fa9ee10a6a13ad05840950'],[],[]
['Alexander & Pearl'],['tel:+44 20 8508 0411'],['https://www.houzz.in/trk/aHR0cDovL3d3dy5hbGV4YW5kZXJhbmRwZWFybC5jby51aw/c1ed41608b84de5a1f7b8aa47f91660d/ue/NTYzNTUz/5b7040fb43611789b337f398cc44f71d'],"['Loughton, Essex']",[]
['Golden Gate Design & Furniture Co.'],['tel:+1 415-661-6263'],['https://www.houzz.in/trk/aHR0cDovL3d3dy5nb2xkZW5nYXRlZnVybml0dXJlLmNvbQ/986398f8909a39171b11bc90ce372fb2/ue/MzM0MzQ3/b54b66424704cc0a0dba79ef89f86e0d'],"['Pacifica, California, United States']",[]
['Niki Francis Restorations'],['tel:+1 610-525-5001'],['https://www.houzz.in/trk/aHR0cDovL25pa2lmcmFuY2lzLmNvbQ/1be66487f52c4a0f2d2d9388f4fa06b8/ue/MjgzMjcyMDA/dff298735d37f9228337ece8ab34ffeb'],"['Bryn Mawr, Pennsylvania, United States']",[]
['M&M Upholstery'],['tel:+1 214-391-4085'],['https://www.houzz.in/trk/aHR0cDovL21hbmRtdXBob2xzdGVyeTFAeWFob28uY29t/71af7ee86e0fc3a0ce2ff994cf6d0776/ue/ODQwNjQyMQ/e2d47566e1c34a3b31f1a996389c8e64'],"['Dallas, United States']",[]
"['De Leon Furniture, Inc.']",['tel:+1 913-342-9446'],['https://www.houzz.in/trk/aHR0cDovL3d3dy5kZWxlb25mdXJuaXR1cmUuY29t/4b6dfac579609486cba9dcee628395c8/ue/MzY0Mzgz/fde006cd4667f4446388048ddae72a7c'],"['Kansas City, Kansas, United States']",[]
['Jalan-Jalan Antiques'],['tel:+1 615-780-2600'],['https://www.houzz.in/trk/aHR0cDovL3d3dy5qYWxhbmphbGFuYW50aXF1ZXMuY29t/d77ab6e0488b6520989839fe3a3d1f9c/ue/Mjk1ODE2/02fec6253a0210254ac5a85c48664b22'],"['nashville, Tennessee, United States']",[]
['Rebecca Malik'],['tel:+1 888-894-6899'],['https://www.houzz.in/trk/aHR0cDovL3d3dy4xN3RoYW5kUmlnZ3MuY29t/9c8eff9521f8da73f16ea906559353b1/ue/MTc5ODUy/2efb50c9c3723c9a1ed2f83cae043843'],"['Washington, D.C., United States']",[]
['Poliform'],['tel:+1 212-421-1800'],['https://www.houzz.in/trk/aHR0cDovL3d3dy5wb2xpZm9ybXVzYS5jb20/f1314a81f80fdd3ca7eab49dabcf3484/ue/Mzk4NjEw/bd90ed3d2732f5e11b64a7af0579692b'],"['New York, New York, United States']",[]
['High Fashion Home'],['tel:+1 713-528-3838'],['https://www.houzz.in/trk/aHR0cHM6Ly93d3cuaGlnaGZhc2hpb25ob21lLmNvbQ/0cfd20ca0b555ea579b6140fde985561/ue/NDA4OTU1/3c86229f8fbc1f4d9693579a1f1f6eae'],"['Houston, Texas, United States']",[]
['Ozark Concealment Furniture'],['tel:+1 417-284-3401'],['https://www.houzz.in/trk/aHR0cDovL3d3dy5vemFya2NvbmNlYWxtZW50ZnVybml0dXJlLmNvbQ/8e3857337f4ebfa4aadefc8747336de6/ue/MTM0NjMxNw/4d7595d9c6d3db0dc0c9952303e6e238'],"['Tecumseh, Missouri, United States']",[]
['La Vie en Blanc'],['tel:+1 954-762-9922'],['https://www.houzz.in/trk/aHR0cDovL3d3dy5sYXZpZWVuYmxhbmMubmV0/0babc585a6cfa998183a51ec6dd8ad22/ue/Mzg2MDYy/925bc2242b01d935cd48102aea1a428f'],"['Fort lauderdale, Florida, United States']",[]
['Mortise & Tenon Custom Furniture Store'],['tel:+1 323-937-7654'],['https://www.houzz.in/trk/aHR0cDovL3d3dy5tb3J0aXNldGVub24uY29t/1cb59ac471fc84ed9fac8512d1d03d3c/ue/Mzk1OTY0/91a95727c7c40e085e9028243df2c2c6'],"['Los Angeles, California, United States']",[]
['Moderndwellnumbers /Great River Company'],['tel:+1 575-527-5434'],['https://www.houzz.in/trk/aHR0cDovL3d3dy5tb2Rlcm5kd2VsbG51bWJlcnMuY29t/e534c80f6b941ecea87d5b68ab1b1100/ue/NDAyNjMy/8b5e352466b3ea47363abceb61bbb60e'],"['Mesilla Park, New Mexico, United States']",[]
['Blu Dot'],['tel:+1 612-767-8326'],['https://www.houzz.in/trk/aHR0cDovL3d3dy5ibHVkb3QuY29t/112db2bd92709bf8a4301d846d8faac0/ue/Mzg5OTEy/5d0ceac1aed87a012aae1731a4b683a0'],"['Minneapolis, Minnesota, United States']",[]
['Furniture Werks'],['tel:+1 219-872-1700'],['https://www.houzz.in/trk/aHR0cDovL2Z1cm5pdHVyZXdlcmtzLmNvbS8/b28f96b2b73bd2779330615c683c04e6/ue/Mjg0NTg2NTA/aa99838afa55e59eb1ac7e8acde7bd58'],"['Michigan City, Indiana, United States']",[]
['Nova Finishing Company'],['tel:+1 585-902-0458'],['https://www.houzz.in/trk/aHR0cDovL3d3dy5ub3ZhLWZpbmlzaGluZy5jb20vZnVybml0dXJlX3JlcGFpci5odG1s/bb86cf82b6b3c84ed0ab209b5d45ce51/ue/Mjg0NzY3ODc/4b228ad7a34c87451540b1b158ebafb8'],"['Rochester, New York, United States']",[]
['India Buying Inc.'],['tel:096940 29291'],['https://www.houzz.in/trk/aHR0cHM6Ly93d3cuaW5kaWFidXlpbmdpbmMuY29t/b9a5f4f41503e11c9b04e8ae54662d56/ue/Mjc0MjM3/cd22435c934af2c0f71021535238b0d4'],['Jodhpur Rajasthan'],[]
['Gloss NY'],['tel:+1 212-961-7106'],['https://www.houzz.in/trk/aHR0cDovL2dsb3NzbnkuY29t/527da484d776be35faeb4ebc81913b3c/ue/Mzk4MTQ5/34618d3ef71999ff7087a0e43bac6949'],"['Westfield, New Jersey, United States']",[]
['O Les Couleurs'],['tel:+33 6 42 06 80 34'],['https://www.houzz.in/trk/aHR0cDovL29sZXNjb3VsZXVycy5ob3V6ei5mcg/aaf246dd6791ce615eab0e9bed820cc7/ue/Mjg0MTcwNTA/2991a0d3b1a81d79f2bb4b1e8109db9d'],['st gervais la foret'],[]
['Restaurator fÃ¼r  MÃ¶bel und Holzobjekte'],['tel:+49 30 64838768'],['https://www.houzz.in/trk/aHR0cDovL3d3dy54bi0tcmVzdGF1cmF0b3ItbWJlbC15d2IuZGUv/76cce80491ae17121b459dea2f13346e/ue/Mjg0OTA3Nzc/e3fa0d91e5cebfb888d5891f47da86a6'],['Berlin'],[]
['Outdoor Factory'],['tel:+61 8 9250 6645'],['https://www.houzz.in/trk/aHR0cDovL3d3dy5vdXRkb29yZmFjdG9yeS5jb20uYXU/906011f946b10e5c4efd4ef9a389b735/ue/ODc3MjIxMQ/b922991432269871c2121742c9e82b37'],"['Bellevue, Western Australia']",[]
['WM Upholstery'],['tel:+1 818-783-4000'],['https://www.houzz.in/trk/aHR0cDovL3d3dy53bXVwaG9sc3RlcnkuY29t/c25c685c86358b2524964a81d6fe07e8/ue/NDY4Nzc0OA/46041969c0f34d5f567bf2ade0ce6daa'],"['Sherman Oaks, California, United States']",[]
['Safavieh'],['tel:+1 516-945-1900'],['https://www.houzz.in/trk/aHR0cDovL3NhZmF2aWVoLmNvbQ/1be2dab435c035a9ecb9ae9618544ea9/ue/NTY0MTM1/2ea1d8fc0bf81df72ec22c08db3c4c58'],"['Port Washington, New York, United States']",[]
['Decor Direct Wholesale Warehouse'],['tel:+1 941-751-4180'],['https://www.houzz.in/trk/aHR0cDovL2RlY29yZGlyZWN0Lm5ldA/e4334d999fdb30b04d81ac27e19e84e6/ue/NDE4MzYz/82f9c6a51dbecef492a7e21a3271bc66'],"['Sarasota, Florida, United States']",[]
['Country Willow'],['tel:+1 914-241-7000'],['https://www.houzz.in/trk/aHR0cDovL3d3dy5jb3VudHJ5d2lsbG93LmNvbQ/2dbb551f0429b89e33d049d89a77f308/ue/NDIxMjMy/6cc3781c0a87bc1931e8d7ce90032ca8'],"['Bedford Hills, New York, United States']",[]
['Brickell Collection'],['tel:+1 888-725-4251'],['https://www.houzz.in/trk/aHR0cDovL2JyaWNrZWxsY29sbGVjdGlvbi5jb20v/e7c111bd40e9f38f6975db1b454de2b1/ue/NDE0NjI3/7867cdd55f37ccd5a72a34e47fb8b97f'],"['Miami, Florida, United States']",[]
['Bimma Loft'],['tel:+1 415-243-8888'],['https://www.houzz.in/trk/aHR0cDovL3d3dy5iaW1tYWxvZnQuY29t/3c4c2957d356ebf820bdd35ff52f0218/ue/MzYxMDEy/c0b6eaf83acf69b8e8b90eb4cafaf0ba'],"['San Francisco, California, United States']",[]
['Outre'],['tel:+1 317-504-0307'],['https://www.houzz.in/trk/aHR0cDovL3d3dy5vdXRyZWZ1cm5pdHVyZS5jb20/9b44aa198bf4f39e1e70b2bb479b91a3/ue/NDM3MjM3/518a6a53b2a3590f741fc2ce15eff1d6'],"['Carmel, Indiana, United States']",[]
['Infusion Furniture'],['tel:+1 617-223-1181'],['https://www.houzz.in/trk/aHR0cDovL3d3dy5pbmZ1c2lvbmZ1cm5pdHVyZS5jb20/039665f1dc8a1d5ad24f8be27dedbd18/ue/NDM0NzQ2/7cb0f0b39221b77c465423a94a6b3106'],"['Milton, Massachusetts, United States']",[]
['Boman Atelier'],['tel:+1 917-725-4064'],['https://www.houzz.in/trk/aHR0cDovL3d3dy5ib21hbmF0ZWxpZXIuY29t/0d162b9871df785c88693940142a10fb/ue/NDI2ODYy/0a5acf0e71c2c6166cab9459e1d595a5'],"['New York, New York, United States']",[]
"[""Grenard's Upholstery""]",['tel:+1 408-226-2476'],['https://www.houzz.in/trk/aHR0cDovL2dyZW5hcmRzLmNvbQ/7f262bdec59fd5669fb61beb07885eed/ue/ODUyODM0OA/78483b5f44252208328303e2760771f9'],"['San Jose, California, United States']",[]
['Wayfair'],[],['https://www.houzz.in/trk/aHR0cDovL3d3dy53YXlmYWlyLmNvbQ/5c56c03089d39d505feb30df13a5a361/ue/NjY3NjMw/9929dfc95f83fca01b9eb24e3c6f0840'],['United States'],[]
['LAMP Builders of Timeless Furniture'],['tel:+1 727-827-2915'],['https://www.houzz.in/trk/aHR0cDovL0xhbXBMaXZpbmcuY29t/c9d959920f29a116f75f4dbcffd4f813/ue/NDIwOTg2/2f8880689568c9bf160de61640891e85'],"['Saint Petersburg, Florida, United States']",[]
['Modern Fabrics'],['tel:+1 704-740-9675'],['https://www.houzz.in/trk/aHR0cDovL3d3dy5tb2Rlcm4tZmFicmljcy5jb20/da3a8671914b2e0c254626c8075b3ba7/ue/OTA4NTQwMA/a4c389c3b2f33a6c3cc47562be478e4a'],"['Charlotte, North Carolina, North Carolina, United States']",[]
['Princess Perfect Upholstery'],['tel:+1 416-465-0821'],['https://www.houzz.in/trk/aHR0cDovL3d3dy5wcmluY2Vzc3BlcmZlY3QuY2E/d271ac83dd5b2a85f82de1f0affed110/ue/OTIwODMyMw/6444539fd2477b6fe6d2a4225fb73c7c'],"['Toronto, Ontario, Canada']",[]
['Fabricadabra'],['tel:+1 617-875-9660'],['https://www.houzz.in/trk/aHR0cDovL2ZhYnJpY2FkYWJyYS51cw/8cf1d51fe0c495b87091d08987cece79/ue/NDM4MzM0/a7362310a68249319d451e79df0e363f'],"['Northborough, Massachusetts, United States']",[]
['Gus* Modern'],['tel:+1 416-534-0773'],['https://www.houzz.in/trk/aHR0cDovL3d3dy5ndXNtb2Rlcm4uY29t/e1585c837053ad7dcc550af043d2db7b/ue/NTY0MTIw/86d8b39a2e9dc7759ff8548162c573cd'],"['Toronto, Ontario, Canada']",[]
['Dennen Design Furniture'],['tel:+1 603-534-3402'],['https://www.houzz.in/trk/aHR0cDovL2Rlbm5lbmRlc2lnbi5jb20/366892f9741ca7546fc8c1cddfd531f3/ue/NDUwNDc2/8a66e81f134ccf66331eb82fed03cfc1'],"['Durham, New Hampshire, United States']",[]
['David Waller Interiors'],['tel:+1 386-761-0204'],['https://www.houzz.in/trk/aHR0cDovL2Rhdmlkd2FsbGVyLmNvbQ/914cbb7021e047afde4f2d432f9ecd64/ue/NDQ3OTA1/be4898dc1a6fb67ac9b1d1038a972171'],"['Port Orange, Florida, United States']",[]
['Cozy Cottage Slipcovers'],['tel:+1 216-749-1829'],['https://www.houzz.in/trk/aHR0cDovL3d3dy5jb3p5Y290dGFnZXNsaXBjb3ZlcnMuYmxvZ3Nwb3QuY29t/d8bd55775b8b58d6c26905e494efe134/ue/Mzg5OTk2NA/35a7df922ff473d22f7155e3a2b5c2a9'],"['Parma, Ohio, United States']",[]
['GONZALO DE SALAS'],['tel:+34 696 40 27 36'],['https://www.houzz.in/trk/aHR0cDovL3d3dy5nb256YWxvZGVzYWxhcy5jb20/a32fb231202ac276cab1fba0fff1e373/ue/MTkwOTY3/8f42ada2bf4f8a109598d8030582466a'],['Madrid'],[]
['AMF Custom Works'],['tel:+1 800-681-1594'],['https://www.houzz.in/trk/aHR0cDovL3d3dy5hbWZjdXN0b213b3Jrcy5jb20/7d595a2c791724d9678a33f0d3fd8558/ue/MjY4ODE2/25943bdd11f01eec42a7a799a65859b1'],"['Broomfield, Colorado, United States']",[]
['Emilia Ceramics'],['tel:+1 303-442-0180'],['https://www.houzz.in/trk/aHR0cDovL3d3dy5lbWlsaWFjZXJhbWljcy5jb20/7177407179c17f5e59cebc005e1a1b37/ue/NTY0NDkw/19063c8fb4eec0665edf905aa5c0e0f6'],"['Boulder, Colorado, United States']",[]
['Urban Remains'],['tel:+1 312-492-6254'],['https://www.houzz.in/trk/aHR0cDovL3d3dy51cmJhbnJlbWFpbnNjaGljYWdvLmNvbQ/9bb8a172784d9ac24a7845da8d2c42a5/ue/NTY0NTA4/66d6f2244d485652c17402f094bb3cfc'],"['Chicago, Illinois, United States']",[]
['FabricSeen'],['tel:+1 866-475-6907'],['https://www.houzz.in/trk/aHR0cDovL2ZhYnJpY3NlZW4uY29t/7f8597f28d79e1a99d0cc8564516bc34/ue/OTM0NDU4MA/945d6e6a1325a00201ab862cbc3af6fb'],"['Los Angeles, California, United States']",[]
['H is for Home'],['tel:+44 1974 261939'],['https://www.houzz.in/trk/aHR0cHM6Ly9oaXNmb3Job21lLmNvbS8/6d66d8f72b52d5db8ad78d80d75ff5a2/ue/NDQxMTI5/db41f5e51432fde49304d77f2c019470'],"['Aberystwyth, Ceredigion']",[]
['Settle'],['tel:+44 1892 510908'],['https://www.houzz.in/trk/aHR0cDovL3d3dy5zZXR0bGVob21lLmNvLnVr/bb6d841eac383a4c7e98ac7af7fc2924/ue/OTIzOTU1Nw/19bf210fb2b3b0a5cbfdeae55c082b36'],"['Tunbridge Wells, Kent']",[]
"['Custom Craft Upholsterers, Inc.']",['tel:+1 323-937-9557'],['https://www.houzz.in/trk/aHR0cDovL3d3dy5jdXN0b21jcmFmdHVwaC5jb20/a8d1f63f4b23e3d9253b20b0a8398ccf/ue/OTQ5NjMxNw/bade8fa18b4a8cd0c9ad7a97b934d51c'],"['Los Angeles, California, United States']",[]
['Jefferson Brass Company'],['tel:+1 703-821-8222'],['https://www.houzz.in/trk/aHR0cDovL3d3dy5qZWZmZXJzb25icmFzcy5jb20/3b5577214f11b0a83dea9e71b6264fde/ue/NTY0NDY1/2dc743b342fa5a6082223a307053ec6d'],"['McLean, Virginia, United States']",[]
['GLOBAL VIEWS and Studio A'],['tel:+1 214-956-0030'],['https://www.houzz.in/trk/aHR0cDovL3d3dy5nbG9iYWx2aWV3cy5jb20/b60e9155417ae60253851ffb3a9f0326/ue/NTY0NDcx/890f031152913ab7afcb9235c4f51123'],"['Dallas, Texas, United States']",[]
['FWR - Fachwerkstatt fÃ¼r Restaurierung in Berlin'],['tel:+49 30 25291910'],['https://www.houzz.in/trk/aHR0cDovL3BoaWxpcHBfd2VzdGViYmUuaG91enouZGU/c9ae14cdc99c5ba5c1e80dcf8ab4cc12/ue/Mjg1ODc3NTk/c03e3ea16fc87fc7ec859b66901dd985'],['Berlin'],[]
['Interiors By Duran Inc/ JD Rugs & Designs'],['tel:+1 305-799-3518'],['https://www.houzz.in/trk/aHR0cDovL2ludGVyaW9yc2J5ZHVyYW4uY29t/e57ec5d0c447784103bf07baf25f8cc6/ue/OTMxNTIyMQ/ce3d353cb547fbd741cf7876469ed29b'],"['Miami, Florida, United States']",[]
['Nesco Upholstery'],['tel:+1 718-927-4492'],['https://www.houzz.in/trk/aHR0cDovL1dXVy5ORVNDT1VQSE9MU1RFUlkuQ09N/e1d065d2d8cb398c0a4f4bf971a01554/ue/OTU5OTg0MQ/59aac5798e4a1ac030551ecf0ff43ca4'],"['Brooklyn, New York, United States']",[]
['Recover Team'],['tel:+44 1707 322103'],['https://www.houzz.in/trk/aHR0cDovL3d3dy5yZWNvdmVydGVhbS5jby51aw/6735271018acea0d8a8ef232a6be6d49/ue/Mjg2NzgwOTg/84a68d8093504233f7e7377c01d1015e'],"['Welwyn Garden City, Hertfordshire']",[]
"['u-fab interiors - fabric, furniture, fabrication']",['tel:+1 804-888-8322'],['https://www.houzz.in/trk/aHR0cDovL3d3dy51ZmFic3RvcmUuY29t/c2341e301e6c1a7643f8890e2fd675b1/ue/OTY5MDcyOQ/0b64161ec97c48c5f9a38f2623234d44'],"['Richmond, Virginia, United States']",[]
['Italian Furniture - Italy By Web'],['tel:+1 612-276-2020'],['https://www.houzz.in/trk/aHR0cDovL3d3dy5JdGFseUJ5V2ViLmNvbQ/cddb24ea19ec393ef942aa65b769325f/ue/NDc4ODIz/35b7a8887a779643ab6ddab85fb8cba2'],"['Minneapolis, Minnesota, United States']",[]
['PENINSULA'],['tel:+1 949-553-9857'],['https://www.houzz.in/trk/aHR0cDovL3d3dy5waGNvbGxlY3Rpb24uY29t/8e434c1b72610dc35068d21a6452d772/ue/NDY5MzA3/59b0c112ad5cbc54a0e3d1007ff75821'],"['Irvine, California, United States']",[]
['Beckenstein Fabric and Interiors'],['tel:+1 212-366-5142'],['https://www.houzz.in/trk/aHR0cDovL2JlY2tlbnN0ZWluZmFicmljcy5jb20v/69fae628c36d7207f09303d59cd696fe/ue/OTU4MzgzMQ/cfe6a52182e27b962db4d1f740949ec0'],"['New York, New York, United States']",[]
['Umbra'],['tel:+1 800-387-5122'],['https://www.houzz.in/trk/aHR0cDovL3d3dy51bWJyYS5jb20v/4deb5b9482965bb0b272fb7b5aec1b84/ue/NTY0NzM0/a81c6780ade46a5444c93aa04e52e6bf'],"['Bufallo, New York, United States']",[]
['Syntech Fibres (Pvt) Ltd.'],['tel:+92 300 8243895'],['https://www.houzz.in/trk/aHR0cDovL3d3dy5kdXJhcHJpbnRzLnBr/22476c5719d5c13fae799c0a18968f71/ue/MzY2NDA5MA/c2adc3bf6f981e266285ab663f79c701'],"['Karachi, Pakistan']",[]
['Badia Design Inc.'],['tel:+1 818-762-0130'],['https://www.houzz.in/trk/aHR0cDovL2JhZGlhZGVzaWduLmNvbQ/d56368cd4386d614987e3019c06d4811/ue/NTY0NTM2/a38085a5cf6da6978a30db67f56d4a75'],"['North Hollywood, California, United States']",[]
['Next Door Furniture'],['tel:+1 310-327-1669'],['https://www.houzz.in/trk/aHR0cDovL25leHRkb29yZnVybml0dXJlLmNvbQ/89e7d594701774b64df87642ce6ce8db/ue/NjU0NjQ/7538961b41ebcad0d8561276e96e0bfa'],"['Gardena, California, United States']",[]
['Sewline Upholstery LTD.'],['tel:+1 403-526-3377'],['https://www.houzz.in/trk/aHR0cDovL3d3dy5zZXdsaW5lLmNh/cdedc87cfaba5efbac31671b067f793b/ue/OTYzODg4Mg/32d484eae230b3047e176ae3f88021a3'],"['Medicine Hat, Alberta, Canada']",[]
['DEUXIEME VIE pour vos meubles'],['tel:+33 6 46 32 27 82'],['https://www.houzz.in/trk/aHR0cDovL3d3dy5kZXV4aWVtZS12aWUtbWV1Ymxlcy5mcg/6293727dc06952202d01bef545edce95/ue/Mjg2Mjc4NzE/f8b693a019c7fea13485db7510110c0d'],['TRAMOYES'],[]
['Riiko Ceramics'],['tel:+61 2 9591 5388'],['https://www.houzz.in/trk/aHR0cDovL3JpaWtvY2VyYW1pY3MuY29tLmF1/c9a98c2176c2e17aaa646563e7541dbe/ue/NTMzMzYw/c4cb95e9d227c3274a990ae82ad9e030'],['New South Wales'],[]
['Restwell Upholstering Co Inc'],['tel:+1 705-745-0541'],['https://www.houzz.in/trk/aHR0cDovL3d3dy5yZXN0d2VsbHVwaG9sc3RlcnkuY2E/47827869dbfca574bbe19bb78875daf7/ue/MzI3Mzg4NQ/8162094ca73be200f68530d80a44c212'],"['Peterborough, Ontario, Canada']",[]
['Johnny Egg'],['tel:+44 1245 364212'],['https://www.houzz.in/trk/aHR0cDovL3d3dy5qb2hubnllZ2cuY28udWs/06ea55bb1a7faf7d284a0e4373d196db/ue/NDczMTMx/60e1bc1431ab1ba5e5c7b66fc85d4be2'],"['Felsted, Essex']",[]
['Robin Wade Furniture'],['tel:+1 256-766-0049'],['https://www.houzz.in/trk/aHR0cHM6Ly93d3cucm9iaW53YWRlZnVybml0dXJlLmNvbS8/8992656107145569b72bb5555573a844/ue/NTA1NDE5/3293cff21b186f0c858bb062531f3e7a'],"['Nashville, Tennessee, United States']",[]
['Weego Home'],['tel:+1 310-392-8460'],['https://www.houzz.in/trk/aHR0cDovL3d3dy53ZWVnb2hvbWUuY29t/1dbeba674af860d7873a03d8f82c39c3/ue/NDg3NDA3/12dc41afa8625892a3625ff684666eca'],"['Santa Monica, California, United States']",[]
['Live Edge Design'],['tel:+1 250-748-0763'],['https://www.houzz.in/trk/aHR0cDovL3d3dy5saXZlZWRnZS5jb20/90e3cfaee90322c84dcab0b32735a751/ue/NTA2Njg1/865251cf4f477533cd9ac731d18039fa'],"['Duncan, British Columbia, Canada']",[]
['Khrome Studios'],['tel:+1 415-864-0583'],['https://www.houzz.in/trk/aHR0cDovL3d3dy5raHJvbWVzdHVkaW9zLmNvbQ/4bea47eb3bbb6959295bf793ca945490/ue/NTUwNTA4/3490f8b66371fc8861caa6b0e4a85391'],"['San Francisco, California, United States']",[]
['BaBoo'],['tel:+1 415-440-4255'],['https://www.houzz.in/trk/aHR0cDovL3d3dy5iYWJvb3NmLmNvbQ/99969618c0d41d6889e7ec8f93c74695/ue/NTIxMDA2/b540c63b61811ce2b55e32ad3dbdc687'],"['San Francisco, California, United States']",[]
['TapeMeasure'],['tel:+1 914-769-6421'],['https://www.houzz.in/trk/aHR0cDovL3RhcGVtZWFzdXJlZGVzaWduLmNvbQ/a6009c4067b65bef1ad4b8eb4b089ff5/ue/OTczNTEzNQ/4e1c2ddc83459a6cb7087bc810e4b38c'],"['Pleasanville, New York, United States']",[]
['C & F Furniture Mfg.'],['tel:+1 714-635-8473'],['https://www.houzz.in/trk/aHR0cDovL3d3dy5jYW5kZmZ1cm5pdHVyZS5jb20/f43437a26e72d5787a8654b292800e70/ue/ODEyOTk4OA/92f47def720340934c0a8ef7ca618317'],"['Anaheim, California, United States']",[]
['GreatHouse Bonny Neiman'],['tel:+1 973-714-4541'],['https://www.houzz.in/trk/aHR0cDovL2Jvbm55bmVpbWFuLmNvbQ/9e7280f57f6b4218d2ee23f2a3fe4546/ue/NTY0OTA5/92e859dd501e8c27a747bf96838451e1'],"['Summit, New Jersey, United States']",[]
"['Sprout, Quark Enterprises']",['tel:+1 801-722-5807'],['https://www.houzz.in/trk/aHR0cDovL3Nwcm91dC1raWRzLmNvbQ/c6c564169c291f7d24ca15ce37e07774/ue/NTY0ODI2/0330451ea9d2e9dfa56363304c6b75da'],"['Provo, Utah, United States']",[]
['ERA Interiors'],['tel:+1 212-655-9682'],['https://www.houzz.in/trk/aHR0cDovL3d3dy5lcmFpbnRlcmlvcnMuY29t/c0c478e4111b296cca7855aa62f91edf/ue/NTEwNjQ0/34a57b9667082f6c6b31d8cb122a4072'],"['New York, New York, United States']",[]
['Cheap-Chic Decor'],['tel:+1 516-382-4810'],['https://www.houzz.in/trk/aHR0cDovL3d3dy5jaGVhcGNoaWNkZWNvci5jb20/d36d22b407995b7a426d555b7021701a/ue/NTE4NjY3/caa8bd0b5e3a95e80d9675fe8da900c5'],"['Deer Park, New York, United States']",[]
['Modern50 | Artist Collective & Atelier'],['tel:+1 703-577-5596'],['https://www.houzz.in/trk/aHR0cDovL3d3dy5Nb2Rlcm41MC5jb20/69aa5994a904f818ec3af4062cb58a4a/ue/NTE0NTgy/160fa0aa5d1c78550457444a680d6817'],"['Paint Branch, Maryland, United States']",[]
['STYLEVISA'],['tel:+1 415-735-0750'],['https://www.houzz.in/trk/aHR0cDovL3d3dy5zdHlsZXZpc2EuY29tLw/93d9d8f00b160f8a4ef528a3cb08778d/ue/NTE2NjM2/9dc66b71051f446b253e71961d4fa31e'],"['Louisville, Kentucky, United States']",[]
['AntikmÃ¶bel Bodo Herlitze'],['tel:+49 170 8924497'],['https://www.houzz.in/trk/aHR0cDovL2JvZG9oZXJsaXR6ZS5ob3V6ei5kZQ/b7eccddfe476c197a66cda47629f1d91/ue/Mjg3MTMyNTk/64f36bf5014d6a9d4c6427f6db7327c2'],['Berlin'],[]
['Parklanesofa Design Studio'],['tel:+1 905-731-7770'],['https://www.houzz.in/trk/aHR0cDovL3d3dy5wYXJrbGFuZXNvZmEuY2E/59222fe29164ea8e4e6d17eb8c4395a6/ue/OTcxMzQxMw/36aa25e803e30e04ffdd6bcc73603111'],"['Aurora, Ontario, Canada']",[]
['Urbanspace Interiors'],['tel:+1 512-476-0014'],['https://www.houzz.in/trk/aHR0cDovL3d3dy51cmJhbnNwYWNlaW50ZXJpb3JzLmNvbQ/6abafb778865111076cf50bc986ac686/ue/NTU1MTQx/4b83e6a8ab97894dd81a65bc53f8fea1'],"['Austin, Texas, United States']",[]
['Hayneedle'],['tel:+1 888-880-4884'],['https://www.houzz.in/trk/aHR0cDovL3d3dy5oYXluZWVkbGUuY29t/e1bcef6dcb7e612033f2a15f3c4358e3/ue/NTcxNTQ4/8519b9db2096953de754e001dfeb2a5b'],"['Omaha, Nebraska, United States']",[]
['Mikaza Home'],['tel:+1 514-225-7627'],['https://www.houzz.in/trk/aHR0cDovL3d3dy5taWthemFob21lLmNvbQ/841dd8fa61e1e46f35055a3b59ca8e80/ue/NTgwNDgx/a1a1212da35867ea2c9156cb4b6416b5'],"['Montreal, Quebec, Canada']",[]
['The Sale Room @IMS'],['tel:+1 612-877-4173'],['https://www.houzz.in/trk/aHR0cDovL3d3dy50aGVzYWxlcm9vbS1pbXMuY29tLw/f425f25c05384e9aae3774c7819234fc/ue/NTY5MjIy/f502b60c7787c26172692ac1e0735aed'],"['Minneapolis, Minnesota, United States']",[]
"[""Joe's Fabrics""]",['tel:+1 212-674-7089'],['https://www.houzz.in/trk/aHR0cDovL2pvZXNmYWJyaWNzLmNvbS8/3e4e6bc839e1e27033bfecee4ed1c52f/ue/MTAxMjg3MTQ/4dea2aaabad983968ba755ae7cf6acfc'],"['New York City, New York, United States']",[]
['Zinc Door'],[],['https://www.houzz.in/trk/aHR0cDovL3d3dy56aW5jZG9vci5jb20/2595a61599030613d719a861621b25d1/ue/NTY4Mjc0/84cf532612483d07452365ed831718b7'],"['&nbsp;, United States']",[]
['Costantini Design'],['tel:+1 111111111'],['https://www.houzz.in/trk/aHR0cDovL3d3dy5jb3N0YW50aW5pZGVzaWduLmNvbQ/b34ece3626787ef16b43e578a098e397/ue/NTcxNTg5/2ba5ca25b7026b1b8bab6db38b62904f'],"['New York, New York, United States']",[]
['ROAM Interiors'],['tel:+1 612-377-6465'],['https://www.houzz.in/trk/aHR0cDovL3d3dy5yb2FtaW50ZXJpb3JzLmNvbQ/1b05671bcc667a60293f3ba5f997d43b/ue/NTY1ODAw/a4480cb67cb60d367d436fbad61af38e'],"['MINNEAPOLIS, Minnesota, United States']",[]
['Juniors Furniture Service LLc'],['tel:+1 225-654-3949'],['https://www.houzz.in/trk/aHR0cDovL2p1bmlvcnNmc2xsYy5jb20/e5c035d7e3b5b86350b6bf905b5736db/ue/MTAxMzM5MDk/9da44ab8515cd09b9ce4ef08a2ecea13'],"['Zachary, Louisiana, United States']",[]
['DC Upholstery & Design Workshop'],['tel:+1 720-317-3148'],['https://www.houzz.in/trk/aHR0cDovL3d3dy5yb29zdGVyc29ja3NmdXJuaXR1cmUuY29tLw/32c83ef52c678a32c63f2d9f743bfad7/ue/OTk5MzkwNQ/4c111e0e157b96b4a59445f7328631c5'],"['Denver, Colorado, United States']",[]
['Sureeco'],['tel:+1 808-772-3069'],['https://www.houzz.in/trk/aHR0cDovL3d3dy5zdXJlZWNvLmNvbQ/cee2d2a6e86e6d107c665de57ac37214/ue/NTc5Njgw/d2ba96c06754b622222b9dec5e02099c'],"['San Francisco, California, United States']",[]
['Charles Phillips Antiques and Architecturals'],['tel:+1 251-973-2885'],['https://www.houzz.in/trk/aHR0cDovL3d3dy5jaGFybGVzcGhpbGxpcHNhbnRpcXVlcy5jb20/dc51fffac760aa4e67247e60155bde12/ue/NTkxNTc0/3c0d73dffc46c6b5dd4c6626d48d1faf'],"['Theodore, Alabama, United States']",[]
['Think Fabricate'],['tel:+1 718-797-1041'],['https://www.houzz.in/trk/aHR0cDovL3d3dy50aGlua2ZhYnJpY2F0ZS5jb20/083a3f653a187d31d9ed67b285dcc7ad/ue/NTY1OTQ2/f309aac107de7fda3f71f4ef0cea3208'],"['Brooklyn, New York, United States']",[]
['Michael Jon Designs'],['tel:+1 323-582-0166'],['https://www.houzz.in/trk/aHR0cDovL01pY2hhZWxKb25EZXNpZ25zLmNvbQ/ea3aeb3850f20c4e35f9c8ef178182e0/ue/MTAxMzg4MDI/70bb11307a245cf74bd2fdaa7742be43'],"['Los Angeles, California, United States']",[]
['Arttitud'],['tel:+1 415-252-8888'],['https://www.houzz.in/trk/aHR0cDovL3d3dy5hcnR0aXR1ZC5jb20/e92b2d64c87becb5be2553318f466043/ue/NjA0NTkz/c2005d0d5bfbcfcd6c216f90564b0bec'],"['San Francisco, California, United States']",[]
['Futterknecht Restaurierung'],['tel:+49 711 8661465'],['https://www.houzz.in/trk/aHR0cDovL2Z1dHRlcmtuZWNodC5kZS8/dd40af7e80434e4b393e3b7d4ecc3cb0/ue/Mjg5MjE3ODY/50e159179d86a9bcfbb423b5a5d2e3a3'],['Stuttgart'],[]
"['Creative Style Furniture,Inc.']",['tel:+1 713-927-3720'],['https://www.houzz.in/trk/aHR0cDovL3d3dy5jcmVhdGl2ZXN0eWxlZnVybml0dXJlLmNvbQ/2fd38e085bba6ff3f4d0f8322cacf087/ue/MTAyNDQwMDM/3b52966c312ca2da0ab200777b90bcb7'],"['Houston, Texas, United States']",[]
['Sarabi Studio'],['tel:+1 512-425-0675'],['https://www.houzz.in/trk/aHR0cDovL3d3dy5zYXJhYmlzdHVkaW8uY29t/7de3746a6b9c2a47ee9d1bb9c650f982/ue/NjIyODI2/30ad4e9df91a85f003db204fcdfdad01'],"['Austin, Texas, United States']",[]
['Taylor Made Slipcovers'],['tel:+1 805-564-0052'],['https://www.houzz.in/trk/aHR0cDovL3d3dy5wcmVtdGF5bG9yLmNvbQ/842687780e3a501a30168a23de01c12b/ue/MTAzODQ4NDE/de46c99cd69d7247fbedb6e616e2e17d'],"['Santa Barbara, California, United States']",[]
['The Reclaimed Barnwood Co.'],['tel:+1 614-450-2276'],['https://www.houzz.in/trk/aHR0cDovL3RoZXJlY2xhaW1lZGJhcm53b29kY29tcGFueS5jb20/8189f2fca99fcac73d07cd466123b3f8/ue/NjE4NjYy/3659eed34b3a2415b7c8e9fac907f731'],"['Johnstown, Ohio, United States']",[]
['House Design Studio'],['tel:+1 406-544-3080'],['https://www.houzz.in/trk/aHR0cDovL2hvdXNlZGVzaWduc3R1ZGlvLm5ldA/9582a4c5705f6a60dfac78804bfbd490/ue/NjE5ODQy/22fa97103bc7abfa682b01d5186230bc'],"['Missoula, Montana, United States']",[]
['El taller de Mob'],['tel:+34 697 55 10 98'],['https://www.houzz.in/trk/aHR0cDovL3BhbmRvcmEzMDcuaG91enouZXM/87c5e27fe537ba020e096802c0c14dcb/ue/Mjg5MDY4MjE/dca05983c6e2f234e6d44a655f4cd926'],['Madrid'],[]
['Revedebagages'],['tel:+33 6 64 80 58 31'],['https://www.houzz.in/trk/aHR0cDovL3d3dy5sYS1tYWxsZS1lbi1jb2luLmNvbS8/a21bd581119e88bdefc57b9a709bb819/ue/Mjg5MzcwNDc/0fb881470370f8f76b13cd6159c0e9da'],['Haguenau'],[]
['Joe Ellis Upholstery/Ellis Fabrics'],['tel:+1 479-657-6868'],[],"['Bentonville, Arkansas, United States']",[]
['Artifact Timber Company'],['tel:+1 716-480-4249'],['https://www.houzz.in/trk/aHR0cDovL3d3dy5hcnRpZmFjdHRpbWJlci5jb20/206aaf616882ba03a6193a0c750d1409/ue/NjA5MTQ2/59ef99947821308f20ec05863e9233fa'],"['Amherst, New York, United States']",[]
['Sal Beressi Fabrics Co'],['tel:+1 415-861-5004'],['https://www.houzz.in/trk/aHR0cDovL3d3dy5zYWxiZXJlc3NpZmFicmljcy5jb20/f895d6df841074cf40705fc7adc477a1/ue/MTAzODYzNjc/1ac552241549ee5a9e7c1541a59b20d3'],"['San Francisco, California, United States']",[]
['MultiChic.com'],[],['https://www.houzz.in/trk/aHR0cDovL3d3dy5tdWx0aWNoaWMuY29t/1d8b3a567b6a145fe26b6bd98c335a88/ue/NjIzMzE2/da31f8cfdbdd616e9a5bdf3db005318d'],"['New York City, New York, United States']",[]
['Unique Patio Creations'],['tel:+1 602-464-9536'],['https://www.houzz.in/trk/aHR0cDovL3d3dy51bmlxdWVwYXRpb2NyZWF0aW9ucy5jb20/0282797bf354f51da6546bef293f2491/ue/NjExODg2/a488f156451eaaec117f3371896b2346'],"['PHOENIX, Arizona, United States']",[]
['Inside Design'],['tel:+1 612-317-0045'],['https://www.houzz.in/trk/aHR0cDovL3d3dy5pZC1pbnNpZGVkZXNpZ24uY29t/9eee644da3ea9676deabfd39f6a00b63/ue/NjMxODEz/12766bb40d75cd0ade47761c3cd71376'],"['Minneapolis, Minnesota, United States']",[]
['Caning Canada'],['tel:+1 403-613-5801'],['https://www.houzz.in/trk/aHR0cDovL2NhbmluZ2NhbmFkYS5jb20/aee7782763bc400d49740db7b6b0c5e6/ue/Mjg5NTIxNDE/704fc1b8cbf3057fad3af4d635b56876'],"['Calgary, Alberta, Canada']",[]
['Gambrell Renard'],['tel:+1 312-476-9165'],['https://www.houzz.in/trk/aHR0cDovL3d3dy5nYW1icmVsbHJlbmFyZC5jb20/a9a23f29bba2b778cc6fe155f7d812c6/ue/NjUxNjQx/2d954e16e510555962096b2e643482f6'],"['Las Vegas, Nevada, United States']",[]
['Go Modern Furniture'],['tel:+44 20 7731 9540'],['https://www.houzz.in/trk/aHR0cHM6Ly93d3cuZ29tb2Rlcm4uY28udWsv/c61fa73e2d9e8088a01071320a2223ae/ue/NjQ2MzQ3/1f5f1b2b7367f6f6e46cee8a089f4444'],"['London, Greater London']",[]
['Paul Vandeborne'],['tel:+1 519-319-7500'],['https://www.houzz.in/trk/aHR0cDovL3B2YW5kZWJvcm5lLmhvdXp6LmNvbQ/ded2c57f96a2e4a223e4839ff2f5f95a/ue/NjM4ODc2/7a5e1fe0ed62fab3d8b38427986947d2'],"['London, Ontario, Canada']",[]
['Les CrÃ©as De Marie'],['tel:+33 6 85 42 38 60'],['https://www.houzz.in/trk/aHR0cDovL2xlcy1jcmVhcy1kZS1tYXJpZS5vdmVyLWJsb2cuY29t/d8eca267bff498e3eec3751b5a23f1fc/ue/MjkwOTExNzU/777c9f18f854f4ca297dd762d1ddd6dc'],['NOGENT LE ROTROU'],[]
['VIOSKI'],['tel:+1 323-937-7741'],['https://www.houzz.in/trk/aHR0cDovL3d3dy52aW9za2kuY29t/ae829d647a30e8e959a176def7362079/ue/NjQ5MjQ2/e38ddf59bdc3e02c9da3333834a0b4ed'],"['Monrovia, California, United States']",[]
['PURE Inspired Design'],['tel:+1 651-398-3076'],['https://www.houzz.in/trk/aHR0cDovL3d3dy5QVVJFSW5zcGlyZWRIb21lLmNvbQ/fc45d549173c631d81f6d359c7f19bc8/ue/NDY2MTU2/5948bd492de34cf8be58b4cb1e6475c8'],"['Inver Grove Heights, Minnesota, United States']",[]
"[""Denicola's""]",['tel:+1 225-357-0370'],['https://www.houzz.in/trk/aHR0cDovL3d3dy5mYWNlYm9vay5jb20vRGVuaWNvbGFzRnVybml0dXJl/5fe9fd0cf1856165590b1aa970a80ef4/ue/NjMyOTM2/e3ea5e971ac5ff56e361b5bc1ad1b031'],"['Baton Rouge, Louisiana, United States']",[]
['Westside Custom Upholstery'],['tel:+1 404-609-5511'],['https://www.houzz.in/trk/aHR0cDovL3d3dy53ZXN0c2lkZWN1c3RvbXVwaG9sc3RlcnkuY29t/b12fccda75ed78c15be8b2e91f5ee73c/ue/MTA1MjUwMzI/a84c52c6e8f8b16df208d74fae43a0cd'],"['Atlanta, Georgia, United States']",[]
['Hammer and Hand'],['tel:+1 407-491-0450'],['https://www.houzz.in/trk/aHR0cDovL3d3dy5oYW1tZXJhbmRoYW5kaW1wb3J0cy5jb20/9db0d246345f6cd41d45aab7fb4b16ce/ue/Mzk4NzY2/e47156450a8e9aedfbab6f6d24fb35f1'],"['St Louis, Missouri, United States']",[]
['Chris Barrett Textiles'],[],['https://www.houzz.in/trk/aHR0cDovL3d3dy5jaHJpc2JhcnJldHRkZXNpZ24uY29tL3RleHRpbGVz/bc83c940be48ca2981dbd4e6ea7c3b0d/ue/MTA0MDgyNTY/75ec3a216ff87d482e78665ac79af260'],"['Santa Monica, California, United States']",[]
['Covered In Style Inc'],['tel:+1 919-309-2566'],['https://www.houzz.in/trk/aHR0cDovL3d3dy50d2VudHlvbmU3LmNvbQ/e4a4439842a42c0456f21eea3dd2c7e6/ue/MTA1NDI5MTM/4c0c86bdf635cf420060f827c578f427'],"['Durham, North Carolina, United States']",[]
['Brush Strokes Interiors'],['tel:+1 519-332-5965'],['https://www.houzz.in/trk/aHR0cDovL3d3dy5icnVzaHN0cm9rZXNpbnRlcmlvcnMuY2E/3a196399b912d782977930748043fad0/ue/NjQwMjM4/d2cdc34d96d07518d2d7dcbdd9cde628'],"['Sarnia, Ontario, Canada']",[]
['Rhoades Partnership'],['tel:+44 1444 801085'],['https://www.houzz.in/trk/aHR0cDovL3Job2FkZXNwYXJ0bmVyc2hpcC5jby51aw/351e63a7f6d1c38ba3f23b702cb5aa04/ue/NjM3NTMx/83d82d8589f56a005bfe3a9398d3a961'],"['Handcross, West Sussex']",[]
['b.Holland&co'],['tel:+1 816-686-8779'],['https://www.houzz.in/trk/aHR0cDovL2Job2xsYW5kY28uY29t/a1a51dc6206dc075eb482a1da491c772/ue/NjQ5MjAz/2c5e04d5dcdb3a582678412693d472f1'],"['Independence, Missouri, United States']",[]
['Couture Curtain Designs'],['tel:+44 333 444 0148'],['https://www.houzz.in/trk/aHR0cDovL3d3dy5jb3V0dXJlY3VydGFpbmRlc2lnbnMuY28udWs/f57c805821f99ba9e79ef44a4e753b32/ue/MTA2Mzc1MzM/1ad37eee3da9be5d35238192801f5752'],"['Windsor, Berkshire']",[]
['Palazzo Fabrics'],['tel:+1 877-231-8277'],['https://www.houzz.in/trk/aHR0cDovL3d3dy5wYWxhenpvZmFicmljcy5jb20/68cd58294be765568cb573d132ccab28/ue/MTA5NTIyMzA/c6233858ee575e07f15874151325a0a8'],"['Maple Grove, Minnesota, United States']",[]
['M-Dex Design'],['tel:+44 7892 897005'],['https://www.houzz.in/trk/aHR0cDovL20tZGV4LWRlc2lnbi5jby51aw/c7b348f425a4dfe3ad0b0de234852d49/ue/NjY0MDg3/fc05682dedd626a632850daa1c8f7a8d'],"['Sheffield, South Yorkshire']",[]
['Barry Harris Studios'],['tel:+1 410-225-3107'],['https://www.houzz.in/trk/aHR0cDovL2NvdmVyZ3V5LmhvdXp6LmNvbQ/827475b66626f5cedf4a10745c975061/ue/MTA1NjcxMTg/3e5757eaefa561edb990f06ead11e78c'],"['Baltimore, Maryland, United States']",[]
['ARISTOCRAFT UPHOLSTERY'],['tel:+1 703-898-5205'],['https://www.houzz.in/trk/aHR0cDovL3d3dy5hcmlzdG9jcmFmdHVwaG9sc3RlcnkuY29t/3c9e308d18807ced6aa88df097b89565/ue/MTA3OTI5MzY/6a663a0cdc63fb08bfa3d626944ce391'],"['CENTREVILLE, Virginia, United States']",[]
['gk sprang studio inc.'],['tel:+1 770-410-1052'],[],"['Alpharetta, Georgia, United States']",[]
['Hunter Gatherer'],['tel:+44 1258 861885'],['https://www.houzz.in/trk/aHR0cDovL2h1bnRlcmdhdGhlcmVyLmluZm8/a4c1f85818dd929066b6872f49b46349/ue/Njc3NjI5/1cfb85d2d1dc78a6ec6f3daec4f8820c'],"['Blandford, Dorset']",[]
['KC Custom Sewing'],['tel:+1 978-697-8183'],['https://www.houzz.in/trk/aHR0cDovL3d3dy5rY2N1c3RvbXNld2luZy5jb20/f47276fb553be943a7e32800f25b68e4/ue/OTQ1MDM1MA/d0acc4329d63c5b821575d0460b0ec4c'],"['Merrimac, Massachusetts, United States']",[]
['vanCollier'],['tel:+1 252-721-0250'],['https://www.houzz.in/trk/aHR0cDovL3d3dy52YW5jb2xsaWVyLmNvbQ/c83876dcbbf9a1c2004e36d8c66b5335/ue/NTE4NDQ1/9cb05fc9e7c705f44d19d1064ef72240'],"['washington, North Carolina, United States']",[]
"[""Cindy's Custom Interiors llc""]",['tel:+1 608-838-3580'],['https://www.houzz.in/trk/aHR0cDovL3d3dy5jaW5keXNjdXN0b21pbnRlcmlvcnMuY29t/c127d4aeca92edd41d7328e114766cd6/ue/MTA4MDI5MTE/582a6ed2a665d6a72b3d65128f7dc113'],"['Mc Farland, Wisconsin, United States']",[]
['Meuble et Patine CrÃ©ation'],['tel:+33 6 84 16 93 10'],['https://www.houzz.in/trk/aHR0cDovL3d3dy5tZXVibGVldHBhdGluZS1jcmVhdGlvbi5jb20vaW5kZXguY2Zt/c34ce43957c0a30debbf33e55183e0c5/ue/MjkxODE4Mjc/5799bd0550fe96f3df2e63207deb1135'],['Yerres'],[]
['ATELIER BY ANNE G'],['tel:+33 6 29 40 12 19'],['https://www.houzz.in/trk/aHR0cDovL3d3dy5hdGVsaWVyYW5uZWdAc2ZyLmZy/e20c0744913cd6fe1995195fe7a26016/ue/MjkxNjIyMDQ/1d4bb22ab21f14492e6da1e117674fd7'],['CHANGE'],[]
['Kirana Lacados'],['tel:+34 650 69 44 07'],['https://www.houzz.in/trk/aHR0cDovL3d3dy5raXJhbmFsYWNhZG9zLmNvbQ/9b7db806e1e9e3338c181fcc88392e62/ue/MjkxNjE4OTk/f21fb257cd940a892daf128f30314e79'],['Alcoy'],[]
['Linney Hughes'],['tel:+7 749999907'],['https://www.houzz.in/trk/aHR0cDovL3d3dy5saW5uZXlodWdoZXMuY28udWs/b255463a48c387ced2fd2d1141218468/ue/MTA3MzAxNjU/cd5500575a17da498a7cac9bffa5c5ca'],['Jarrow-on-Tyne'],[]
['Brisbane Upholstery pty Ltd'],['tel:+61 7 3266 2902'],['https://www.houzz.in/trk/aHR0cDovL3pvb2JlY2s4ODguaG91enouY29t/7623f8396c040de7d8bf38c47617d1ed/ue/MTA5MjAwODA/82900322b216714d8ba93d7ca6737e73'],"['Brisbane, Queensland']",[]
['Steelcase Store'],[],['https://www.houzz.in/trk/aHR0cDovL3N0b3JlLnN0ZWVsY2FzZS5jb20/8760bb456c6e209b532448bbfaba688a/ue/NjcxODQ3/a3e095f82267365f1ae8bd789f19532f'],['United States'],[]
['The Fabric Co'],['tel:+1 314-570-7264'],['https://www.houzz.in/trk/aHR0cDovL3RoZWZhYnJpY2NvLmNvbS8/43a82057082af17e5b2d1cd6dab2cde2/ue/MTExMzkyMjM/b17b91e5fa618fb9b5e3ca2090e04a98'],"['Chesterfield, Missouri, United States']",[]
"[""Harman's Interiors, LLC""]",['tel:+1 301-982-9822'],['https://www.houzz.in/trk/aHR0cDovL3d3dy5oYXJtYW5zaW50ZXJpb3IubmV0/640e2be37726362c2c0839904f6b535f/ue/MTEyNTAzODA/37a44a44158a61a5307f49d0ffb83b4c'],"['College Park, Maryland, United States']",[]
